strategy,category,param_fast_window,param_slow_window,is_total_return_pct,is_max_drawdown_pct,is_sharpe_ratio,is_sortino_ratio,is_calmar_ratio,is_annualized_return_pct,is_annualized_volatility_pct,is_final_value,is_total_trades,is_win_rate_pct,is_profit_factor,is_expectancy,is_cagr_pct,is_recovery_factor,oos_total_return_pct,oos_max_drawdown_pct,oos_sharpe_ratio,oos_sortino_ratio,oos_calmar_ratio,oos_annualized_return_pct,oos_annualized_volatility_pct,oos_final_value,oos_total_trades,oos_win_rate_pct,oos_profit_factor,oos_expectancy,oos_cagr_pct,oos_recovery_factor,is_composite,oos_composite,robust_score
sma_cross,trend,5,50,55.42826653006402,28.958457469547017,0.7663368751123769,1.1297354843464882,0.4207735311435253,12.184952405930893,16.857197501092518,155428.26653006402,22.0,27.27272727272727,1.8030648112373155,2519.4666604574545,12.184952405930893,1.9140614305286427,9.484504524080387,15.703652757988063,0.4146427057084325,0.5894788965388953,0.3608738657810068,5.667037877657721,16.624876935853013,109484.50452408039,11.0,36.36363636363637,1.4103076954304063,862.2276840073105,5.667037877657721,0.6039680493607357,0.8480861244019139,0.7583732057416267,0.7583732057416267
sma_cross,trend,5,100,48.94571567360778,30.16762381466842,0.7066615593408493,1.0501827345520895,0.36283276622359445,10.945802399068928,16.66073280599879,148945.71567360777,14.0,28.57142857142857,2.026978597952981,3496.1225481148385,10.945802399068928,1.62245843339537,6.548471068559492,15.758005253839602,0.31462133798720926,0.4449532975387687,0.2496547089425623,3.9340602151626936,16.686339679714845,106548.47106855949,8.0,37.5,1.4942861037325752,818.5588835699355,3.9340602151626936,0.4155647217444535,0.8086124401913876,0.5424337151159777,0.5424337151159777
sma_cross,trend,5,150,30.25592464982603,34.360961271860745,0.49661490500624383,0.7236206285871774,0.20763387066450634,7.134499388629645,16.67255995243734,130255.92464982603,11.0,27.27272727272727,1.6664489007650702,2750.538604529638,7.134499388629645,0.8805319621428503,-9.092801233607387,24.11403239159857,-0.24200606901186383,-0.33116630939194724,-0.2336542722822809,-5.634346690250314,17.578134834756256,90907.19876639261,10.0,30.0,0.6068312730886127,-909.2801233607406,-5.634346690250314,-0.37707510241113207,0.6279904306220095,0.21531100478468898,0.215311004784689
sma_cross,trend,5,200,5.187892294150239,46.32297858819102,0.16376006956418357,0.23420236590727445,0.028654753426203623,1.3273735294119238,14.220669863642696,105187.89229415024,12.0,8.333333333333332,1.1046482865453908,432.32435784585505,1.3273735294119238,0.11199392725304527,-5.111646247571218,22.813458186362155,-0.08411066251528357,-0.1163976427236073,-0.13770267366313207,-3.1414741877641372,18.219990510945816,94888.35375242878,9.0,22.22222222222222,0.77459362627608,-567.9606941745799,-3.1414741877641372,-0.22406275303877216,0.18181818181818182,0.2859667357759922,0.18181818181818182
sma_cross,trend,10,50,56.47514895881678,27.547297388222923,0.7811119013029991,1.1572453360447499,0.4494620350295122,12.381464343673843,16.73584573653196,156475.14895881678,16.0,31.25,1.986806542746119,3529.696809926048,12.381464343673843,2.050115775893179,9.291967272560505,16.17437498208012,0.4106757722657071,0.5832939182956319,0.3433799469708292,5.553956023632978,16.457477790717547,109291.9672725605,8.0,50.0,1.5877305757507805,1161.4959090700631,5.553956023632978,0.5744869451125773,0.9306220095693781,0.6419333906697959,0.6419333906697959
sma_cross,trend,10,100,33.29047897748629,33.08662784611379,0.5346081454485903,0.7832568694181519,0.235130834366644,7.779686411835374,16.582278510844542,133290.4789774863,13.0,30.76923076923077,1.6376348325734138,2560.806075191254,7.779686411835374,1.0061611335044662,-4.803111704861294,22.04653459186282,-0.0966494205272351,-0.13428026021212944,-0.13380819945145841,-2.9500070978814574,16.649171581575967,95196.8882951387,8.0,25.0,0.7519566357365345,-600.3889631076613,-2.9500070978814574,-0.21786243478982317,0.6794258373205742,0.28138080291026063,0.2813808029102607
sma_cross,trend,10,150,23.456665071858936,39.50064855340061,0.4128151765396426,0.6004652705292678,0.14297186621876554,5.647481440531266,16.66906022944909,123456.66507185894,9.0,22.22222222222222,1.4562757585271988,2606.296119095434,5.647481440531266,0.593829871936104,-9.291995887037105,27.313352614937493,-0.2526969380779879,-0.3452357763551697,-0.21089272975333784,-5.760187491679636,17.450497962795826,90708.0041129629,8.0,25.0,0.5502586929230469,-1161.4994858796397,-5.760187491679636,-0.3401997557032004,0.5322158693608743,0.14229523493180476,0.14229523493180474
sma_cross,trend,10,200,-5.100609027555314,51.214198952997315,-0.028127367826556685,-0.040036647459785205,-0.026470044267393175,-1.3556421134049201,13.953533896671614,94899.39097244469,11.0,9.090909090909092,0.9081958953443522,-463.6917297777509,-1.3556421134049201,-0.09959365042957097,7.3627998405061374,21.14503322684218,0.32730025288761,0.4619018208749062,0.2088702078086162,4.416567484210621,18.33813938817314,107362.79984050614,6.0,33.33333333333333,1.626423604422986,1227.1333067510254,4.416567484210621,0.348204694763003,0.055023923444976086,0.45215690740411946,0.05502392344497606
sma_cross,trend,20,50,53.49964271142563,33.31289062818087,0.7541494740466708,1.1188694641678454,0.3548281285959367,11.820350639718535,16.65166238799341,153499.64271142564,14.0,42.857142857142854,1.8965800228263376,3821.4030508161195,11.820350639718535,1.605974195051326,-1.3229432701270998,23.682908299748217,0.03272342662546596,0.04614396258484418,-0.03407049502329746,-0.8068884093637818,16.42599729389719,98677.0567298729,7.0,42.857142857142854,0.932907670142726,-188.99189573244212,-0.8068884093637818,-0.055860676120642015,0.8086124401913876,0.3202526417355313,0.32025264173553125
sma_cross,trend,20,100,37.06717776957753,30.218897145910915,0.5817946434856412,0.8559207108232852,0.28352022923721176,8.567668646104387,16.45302625734899,137067.17776957754,9.0,33.33333333333333,1.833606195321882,4118.575307730833,8.567668646104387,1.2266224538440278,3.990707811308952,20.565601944709876,0.22706284086652204,0.324578094930736,0.11713982442362551,2.4090510009694865,16.391805516456127,103990.70781130895,6.0,50.0,1.4261596743602336,665.1179685514919,2.4090510009694865,0.1940477026657364,0.7194559939761075,0.41509486581361793,0.4150948658136179
sma_cross,trend,20,150,14.101604887770606,44.89993432870858,0.289417845305744,0.41897562161607316,0.07793216058209015,3.4991488922302194,16.68798764038301,114101.6048877706,7.0,28.57142857142857,1.2860161511300296,2014.5149839672285,3.4991488922302194,0.31406738336261164,14.933301064983768,22.347016503790083,0.5772425472268687,0.8384071647563269,0.39538464547594415,8.835667197796116,17.238914728625918,114933.30106498377,5.0,40.0,2.8826323580418722,2986.6602129967537,8.835667197796116,0.6682458511833587,0.37429527502840226,0.5988416280862149,0.3742952750284022
sma_cross,trend,20,200,6.306243021449831,48.28288044860491,0.1851008478904541,0.2681094608332102,0.033286032214518126,1.6071455140219904,13.606379472477226,106306.24302144983,6.0,16.666666666666664,1.146234619724413,1051.0405035749727,1.6071455140219904,0.13061033150585455,12.544050647220443,26.632319855891684,0.4876064160308598,0.7009474994285706,0.27987273157753,7.453660106314897,18.0988378702909,112544.05064722044,3.0,33.33333333333333,3.640761855040339,4181.350215740151,7.453660106314897,0.47100856084249115,0.18901641211155817,0.3747575393456399,0.18901641211155815
sma_cross,trend,30,50,78.5562901478114,29.966741865174363,0.9900291980278072,1.4985549504964284,0.5444874347924298,16.3165144072557,16.669959172785823,178556.2901478114,14.0,57.14285714285714,2.5591501515020134,5611.163581986525,16.3165144072557,2.621449155241833,-9.549083576222154,20.808278830336324,-0.2810367349962705,-0.3892644753665765,-0.2846348923623875,-5.922762205119325,16.74041878930926,90450.91642377785,8.0,37.5,0.5503260542416517,-1193.635447027768,-5.922762205119325,-0.4589079017098029,0.9784688995215312,0.18295101634089192,0.1829510163408919
sma_cross,trend,30,100,11.146607864396428,43.949443928952704,0.25016319199920267,0.3608441502118581,0.06356244864882002,2.793534272878251,16.347492623807156,111146.60786439643,9.0,22.22222222222222,1.1733874736528285,1238.511984932933,2.793534272878251,0.253623410626439,-10.887639153237949,24.841978720159464,-0.3343492921930642,-0.46378841253759245,-0.27260983681509027,-6.772167765066617,16.76985720304207,89112.36084676205,5.0,20.0,0.4036384324095269,-2177.5278306475902,-6.772167765066617,-0.4382758425117941,0.3461105333796731,0.0608991486189371,0.06089914861893708
sma_cross,trend,30,150,14.248660476910025,47.35963208646119,0.2924639879417627,0.42299992378559165,0.07461859653565651,3.53390927873678,16.552229274694938,114248.66047691002,7.0,28.57142857142857,1.2551841551941558,2035.5229252728623,3.53390927873678,0.30086087769637304,12.339248167624639,21.145033226842123,0.5065590466578144,0.7315487713863758,0.3468741133850853,7.334664653059031,16.733192011331994,112339.24816762464,4.0,50.0,3.3635001470831773,3084.812041906156,7.334664653059031,0.5835530280444694,0.3602842219524727,0.5068722565341659,0.36028422195247267
sma_cross,trend,30,200,9.429948942152302,45.40215184853108,0.24279837211191024,0.3581691505875772,0.05235936471518859,2.3772278274916125,13.322437054312406,109429.9489421523,5.0,20.0,1.2333887980956266,1885.9897884304619,2.3772278274916125,0.2076982820905083,7.8387689222937915,28.46116274905224,0.3463578206006525,0.4939329717379278,0.16506443106313703,4.697925636567657,17.84838145275032,107838.76892229379,2.0,50.0,5.031191358802494,3919.3844611468967,4.697925636567657,0.2754198411150586,0.22498852128662872,0.2589131342368178,0.22498852128662872
sma_cross,trend,50,100,4.791156280171592,52.21882471856145,0.1563689181013589,0.22383525625946638,0.023508681923614383,1.2275957407336335,16.554266644617005,104791.15628017159,8.0,25.0,1.0751337173531983,598.894535021449,1.2275957407336335,0.09175151501386722,12.639394846567026,21.14503322684217,0.5236867967874064,0.7485421091705249,0.35512020704549097,7.5090285774999765,16.388670110145966,112639.39484656703,5.0,60.0,2.880221898066845,2527.878969313405,7.5090285774999765,0.5977476937951641,0.0962900086004694,0.5870001269658661,0.09629000860046943
sma_cross,trend,50,150,5.575127303009504,49.80808547690329,0.16826478568118156,0.24296186112223106,0.028599651851434954,1.4244939040259474,16.00887568139817,105575.1273030095,8.0,25.0,1.0950529132796936,696.8909128761879,1.4244939040259474,0.11193217425702438,18.283176953499336,24.271612848716096,0.6719392685254706,0.9707300103134674,0.4430906729895991,10.754525271680615,17.47184872954172,118283.17695349934,2.0,50.0,5.563780971399677,9141.58847674967,10.754525271680615,0.7532740847284266,0.1690424595430463,0.39906859119972327,0.1690424595430463
sma_cross,trend,50,200,14.692450870112154,42.00706957513325,0.32589777081164084,0.4794499099964365,0.08661900246367228,3.63861046302012,13.94248519519849,114692.45087011215,4.0,25.0,1.285877674976487,3673.1127175280417,3.63861046302012,0.34976138585038513,2.282622188568886,29.06969374615209,0.1660215069221357,0.23477111262913725,0.04755649689516552,1.3824528003822945,17.782571206927667,102282.62218856889,3.0,33.33333333333333,1.2551845180798191,760.8740628562955,1.3824528003822945,0.07852240235145351,0.33135828113726074,0.19917183909278763,0.1991718390927876
