strategy,category,param_window,param_z_entry,param_z_target,is_total_return_pct,is_max_drawdown_pct,is_sharpe_ratio,is_sortino_ratio,is_calmar_ratio,is_annualized_return_pct,is_annualized_volatility_pct,is_final_value,is_total_trades,is_win_rate_pct,is_profit_factor,is_expectancy,is_cagr_pct,is_recovery_factor,oos_total_return_pct,oos_max_drawdown_pct,oos_sharpe_ratio,oos_sortino_ratio,oos_calmar_ratio,oos_annualized_return_pct,oos_annualized_volatility_pct,oos_final_value,oos_total_trades,oos_win_rate_pct,oos_profit_factor,oos_expectancy,oos_cagr_pct,oos_recovery_factor,is_composite,oos_composite,robust_score
zscore_ride,mean_reversion,10,1.2,0.0,24.402242980815558,17.087105902508583,0.4241339759231179,0.6255524510429593,0.3428228316984037,5.8578500310285,16.707774134400154,124402.24298081556,79.0,69.62025316455697,1.2760077271952908,308.88915165589356,5.8578500310285,1.4281086054036236,-9.050967205811059,25.26160329319743,-0.25496850338267185,-0.36850089014902393,-0.22199429680075486,-5.607931859132997,16.988919020216684,90949.03279418894,29.0,51.724137931034484,0.802873302983983,-312.1023174417603,-5.607931859132997,-0.3582894997107467,0.17424242424242425,0.11761363636363636,0.11761363636363636
zscore_ride,mean_reversion,10,1.2,0.5,17.490545754797594,19.579375994974413,0.3214397571837302,0.4736102342850741,0.2192073800139807,4.291943714166968,18.2367222603935,117490.5457547976,66.0,65.15151515151516,1.190037826236533,265.00826901208416,4.291943714166968,0.8933147695456191,-12.791521610439288,26.711585889929836,-0.37730786916762044,-0.5386780272787194,-0.2990826667282326,-7.988972340500444,17.851824827080065,87208.47838956071,25.0,44.0,0.6988037375568665,-511.6608644175726,-7.988972340500444,-0.47887540871400086,0.09943181818181818,0.06912878787878787,0.06912878787878787
zscore_ride,mean_reversion,10,1.2,1.0,17.125923382540105,25.398613998101183,0.3095385518381397,0.450756665793325,0.16565721031080294,4.207463540686351,19.361355159605193,117125.9233825401,58.0,65.51724137931035,1.2272361476714633,295.2745410782777,4.207463540686351,0.6742857458214235,2.665280746006567,17.56613548422252,0.1790524524832016,0.2674027218583036,0.09182550801412452,1.6130193146836724,19.299285497077886,102665.28074600657,25.0,60.0,1.0728876188301726,106.61122984026292,1.6130193146836724,0.15172834960771295,0.07386363636363637,0.18541666666666667,0.07386363636363635
zscore_ride,mean_reversion,10,1.2,1.5,50.72680391601511,27.83430658028513,0.6163000001073891,0.9153450782098626,0.40562067225926346,11.290170146965695,20.893778495193068,150726.8039160151,52.0,67.3076923076923,1.5968191571881156,975.5154599233658,11.290170146965695,1.822456175428656,19.445731575960846,12.749912829962174,0.6322364054430092,0.965329782415874,0.8953365544014394,11.41546302209704,20.367310908118288,119445.73157596085,24.0,62.5,1.6707855926075532,810.2388156650352,11.41546302209704,1.5251658450764904,0.20075757575757572,0.2700757575757576,0.20075757575757575
zscore_ride,mean_reversion,10,1.5,0.0,21.525198791900156,15.746017908134524,0.39692908310900515,0.5890732308954145,0.33113430246184206,5.214046656561799,16.03924337953834,121525.19879190015,66.0,66.66666666666666,1.2857357977909791,326.1393756348498,5.214046656561799,1.3670249149646945,-12.350461335974934,25.991448598733292,-0.4450695104563022,-0.6268191088507201,-0.29648845893323483,-7.70616454048082,15.366996417240985,87649.53866402507,24.0,50.0,0.6626161220762605,-514.6025556656218,-7.70616454048082,-0.4751740284524519,0.16287878787878787,0.07083333333333335,0.07083333333333333
zscore_ride,mean_reversion,10,1.5,0.5,17.85155159854806,16.067858718947235,0.33123707977617833,0.4907506114509886,0.27230730042085066,4.37539523130015,17.586628833653048,117851.55159854806,58.0,62.06896551724138,1.234485344174342,307.78537238876015,4.37539523130015,1.1110099927314827,-13.187620619226465,24.716725809110653,-0.4528204545116523,-0.6356483991816813,-0.3335162133681049,-8.243428798712294,16.12849610365177,86812.37938077353,21.0,47.61904761904761,0.6130235797317354,-627.9819342488792,-8.243428798712294,-0.5335504678522376,0.13352272727272727,0.04583333333333333,0.04583333333333334
zscore_ride,mean_reversion,10,1.5,1.0,35.250587474995456,18.260154153790566,0.5180202869542643,0.769031567059155,0.4485548391930128,8.190680510093152,18.492556733487454,135250.58747499547,54.0,66.66666666666666,1.5264819646610044,652.7886569443615,8.190680510093152,1.9304649444965338,1.8818204063891464,15.777424065378865,0.15224883105713152,0.2256121485326742,0.07229264656245443,1.1405917416243971,17.662574730275704,101881.82040638915,21.0,61.904761904761905,1.0629330903680643,89.61049554234,1.1405917416243971,0.11927298135558848,0.20359848484848486,0.1743371212121212,0.1743371212121212
zscore_ride,mean_reversion,10,1.5,1.5,76.00883134186473,19.91004682546188,0.8336933333413603,1.262063933931517,0.7976657367267727,15.881562169296593,20.10027701725892,176008.83134186472,49.0,69.38775510204081,2.019555682586403,1551.2006396298918,15.881562169296593,3.817611882492469,17.871771574182755,12.026586518675686,0.6235861820008407,0.9524195730843643,0.874730615132443,10.520023423424728,18.89336981865932,117871.77157418276,21.0,61.904761904761905,1.7354110067431208,851.0367416277504,10.520023423424728,1.4860219519836553,0.2727272727272727,0.2584280303030303,0.2584280303030303
zscore_ride,mean_reversion,10,2.0,0.0,-4.095761335705975,23.937903098604195,-0.027808132969884873,-0.039895518054255036,-0.045299916010978464,-1.0843849998457111,12.251711848627757,95904.23866429403,34.0,67.64705882352942,0.917606196836858,-120.46356869723422,-1.0843849998457111,-0.17109941997988937,-8.228966355735567,19.189708706145424,-0.3520562185554044,-0.5049883183861852,-0.265239346183731,-5.0898657906742635,12.59153216455787,91771.03364426443,14.0,42.857142857142854,0.6565351458623583,-587.7833111239679,-5.0898657906742635,-0.42882184830144265,0.044034090909090905,0.09905303030303032,0.0440340909090909
zscore_ride,mean_reversion,10,2.0,0.5,-4.306149001263737,22.27060458783242,-0.015330098204117786,-0.02211831448328238,-0.05123364805082201,-1.1410043173320283,13.703867550480947,95693.85099873626,33.0,63.63636363636363,0.9141996560372795,-130.4893636746599,-1.1410043173320283,-0.19335572971451384,-10.878229057692531,16.633008754271838,-0.4673337838586299,-0.6643237261012498,-0.40679224913335116,-6.7661790410049605,13.145622249167033,89121.77094230747,12.0,41.66666666666667,0.47285861616698643,-906.5190881410466,-6.7661790410049605,-0.6540145092449787,0.035037878787878785,0.04469696969696969,0.035037878787878785
zscore_ride,mean_reversion,10,2.0,1.0,12.402622607234836,17.26127675178799,0.2832687116185154,0.41382755221886725,0.1793105216045783,3.0951285379240856,14.431451515113805,112402.62260723484,32.0,68.75,1.2981192855771844,387.5819564760891,3.0951285379240856,0.7185228987160597,-3.0089146564325495,12.87083145390524,-0.06180931785488391,-0.09255698967710735,-0.14306473455415744,-1.8413620854442536,14.08601149542842,96991.08534356745,12.0,58.333333333333336,0.8433647088422309,-250.7428880360469,-1.8413620854442536,-0.23377779960902148,0.10795454545454543,0.17367424242424245,0.10795454545454541
zscore_ride,mean_reversion,10,2.0,1.5,24.36073029208432,16.15658557410571,0.4365909186534126,0.6462998342878424,0.36199723466352923,5.8486392994309355,15.914165555636606,124360.73029208432,30.0,66.66666666666666,1.5394018210324132,812.0243430694766,5.8486392994309355,1.5077895128490182,7.324441330497954,10.388005149378198,0.3664020012199233,0.5688066813889122,0.42297548194392265,4.393871484494194,14.650652319577503,107324.44133049795,12.0,66.66666666666666,1.5396107746417198,610.3701108748298,4.393871484494194,0.7050864169947372,0.1941287878787879,0.25,0.1941287878787879
zscore_ride,mean_reversion,20,1.2,0.0,63.05017884935087,12.219072261452467,0.8501121240924042,1.2951337129694656,1.1125187647204955,13.593947178341569,16.615420299583366,163050.17884935086,47.0,78.72340425531915,2.358781902547324,1341.4931670074657,13.593947178341569,5.159980847994115,30.47993472918548,9.437420305761968,1.071825110692728,1.7322219307185072,1.86152486740451,17.567992583324177,16.34236037022178,130479.93472918548,20.0,75.0,2.6461217726452437,1523.9967364592753,17.567992583324177,3.229689230920034,0.34611742424242425,0.4600378787878787,0.3461174242424243
zscore_ride,mean_reversion,20,1.2,0.5,74.96266382739144,12.898454577693897,0.9039371183636382,1.3841431599051806,1.217323450553714,15.701591233328681,17.905737416821506,174962.66382739146,40.0,72.5,2.606458398573081,1874.0665956847856,15.701591233328681,5.811755460768847,37.372703928613554,9.59410983159371,1.1947684333704602,1.9365737865308827,2.220945891989578,21.307998817774877,17.436752841680732,137372.70392861357,18.0,72.22222222222221,3.3533478707569433,2076.2613293674212,21.307998817774877,3.8953800388592636,0.3626893939393939,0.5145833333333333,0.3626893939393939
zscore_ride,mean_reversion,20,1.2,1.0,103.97752076337996,12.219072261452546,1.076041339167589,1.6644594632902383,1.6714735702988728,20.423856338590006,18.936572993945465,203977.52076337996,37.0,78.37837837837837,3.847991272185479,2810.203263875135,20.423856338590006,8.50944478750628,47.46658369913965,9.59410983159369,1.31902352827258,2.152549572917212,2.778255351073714,26.654886978414094,19.328027543902465,147466.58369913965,17.0,70.58823529411765,5.482461377859058,2792.1519823023327,26.654886978414094,4.947471368613144,0.48958333333333337,0.6621212121212121,0.4895833333333334
zscore_ride,mean_reversion,20,1.2,1.5,83.57013151295529,12.49049553043784,0.8841163311047379,1.3481335476201934,1.3737926041719588,17.15935038215841,20.22171656307617,183570.1315129553,30.0,70.0,3.889899660668277,2785.6710504318407,17.15935038215841,6.690697843756871,53.24592338547279,9.594109831593656,1.3853312198218997,2.231533621273356,3.0906165910904826,29.651715022267666,20.219553217836893,153245.9233854728,16.0,68.75,5.610586479445332,3327.8702115920487,29.651715022267666,5.549855517614835,0.39583333333333337,0.719128787878788,0.3958333333333334
zscore_ride,mean_reversion,20,1.5,0.0,54.11798861542625,12.276810463840471,0.7983639303673772,1.2209245501228008,0.9723710016656972,11.937614487984472,15.658680347771433,154117.98861542623,37.0,72.97297297297297,2.5429497383566684,1462.64834095747,11.937614487984472,4.408147276918771,21.089800891105043,9.437420305761957,0.8312869472101483,1.3062150412558238,1.3081824379320435,12.345867503381047,15.43193418713451,121089.80089110504,15.0,73.33333333333333,2.256915169704739,1405.9867260736683,12.345867503381047,2.2346997598728118,0.2916666666666667,0.3765151515151515,0.2916666666666667
zscore_ride,mean_reversion,20,1.5,0.5,62.795205962535874,12.898454577693919,0.8496542489324217,1.3094459156632696,1.0503280363787235,13.547608468909411,16.565613916105875,162795.20596253587,34.0,67.64705882352942,2.832133525153033,1846.9178224275286,13.547608468909411,4.868428662076419,30.135022476789526,9.437420305762013,1.0870160166853362,1.7368043275653937,1.841481654053321,17.37883635465103,15.901731858399732,130135.02247678953,15.0,73.33333333333333,3.204852275729638,2009.0014984526342,17.37883635465103,3.1931419286677953,0.31486742424242425,0.4566287878787879,0.3148674242424242
zscore_ride,mean_reversion,20,1.5,1.0,97.09835716502269,12.219072261452467,1.0794463218995287,1.678191335483167,1.583716922250048,19.35155151465844,17.865601642070487,197098.3571650227,33.0,78.78787878787878,4.783970870779209,2942.374459546142,19.35155151465844,7.946459034483254,38.38771189362598,9.437420305762013,1.1892516362456274,1.9186407516334922,2.3155128565005296,21.8524680501911,17.974739326549283,138387.71189362596,14.0,78.57142857142857,5.112709566958094,2741.9794209732836,21.8524680501911,4.067606469766784,0.503314393939394,0.5599431818181818,0.503314393939394
zscore_ride,mean_reversion,20,1.5,1.5,91.50509588244682,12.219072261452514,0.9721703039151989,1.4939329751470514,1.5106796891358982,18.45910428546016,19.34783371899993,191505.09588244683,28.0,71.42857142857143,5.464773020564537,3268.0391386588153,18.45910428546016,7.4887105931207065,43.090141568910255,9.437420305761979,1.259478478742024,2.0212752821014495,2.5806635272378355,24.35480637429368,18.691563301110186,143090.14156891027,13.0,76.92307692307693,5.240281151671106,3314.6262745315557,24.35480637429368,4.565881371480482,0.45454545454545453,0.6396780303030303,0.4545454545454546
zscore_ride,mean_reversion,20,2.0,0.0,58.76517789824922,12.276810463840327,0.9546341556303879,1.5334375519117975,1.0432648197794274,12.807964456024568,13.588687458845463,158765.17789824924,27.0,77.77777777777779,3.7651571757042657,2176.488070305526,12.807964456024568,4.786681204481738,18.13535624855751,9.437420305761979,0.8687532040836725,1.3976141765363694,1.1306377875536742,10.670304014720845,12.577152630606465,118135.35624855751,10.0,70.0,2.994076255952224,1813.53562485575,10.670304014720845,1.9216433793337615,0.35795454545454547,0.36410984848484845,0.35795454545454547
zscore_ride,mean_reversion,20,2.0,0.5,73.59778261608182,12.21907226145248,1.0704674846506537,1.7275290340922058,1.2656928514910408,15.465592413172867,14.399774403369861,173597.78261608182,26.0,80.76923076923077,3.9846795308590957,2830.6839467723776,15.465592413172867,6.023189080259458,22.857113621048704,9.437420305761957,1.0296999769218917,1.6754179810724348,1.4135765956746937,13.340516467770215,12.97654404680912,122857.1136210487,10.0,70.0,4.209604068335562,2285.7113621048725,13.340516467770215,2.4219662662574684,0.4346590909090909,0.4200757575757576,0.4200757575757576
zscore_ride,mean_reversion,20,2.0,1.0,106.31823825636313,12.219072261452457,1.30390218506452,2.1345992366120226,1.7008346435625412,20.782621414472423,15.388061295016728,206318.23825636314,25.0,88.0,6.837492159714106,4252.729530254526,20.782621414472423,8.701007407228909,29.18888592476347,9.437420305761945,1.1605218426414365,1.9419027409085088,1.786393560557473,16.85894686248748,14.303245789706326,129188.88592476347,9.0,77.77777777777779,7.573150295593055,3243.209547195942,16.85894686248748,3.0928882023981084,0.5757575757575757,0.4943753967018918,0.4943753967018918
zscore_ride,mean_reversion,20,2.0,1.5,103.63110854130393,12.219072261452425,1.1584517090530213,1.8423877664923929,1.6671071771277723,20.370503064910217,17.293354282160408,203631.10854130393,22.0,86.36363636363636,7.575678085041734,4710.50493369563,20.370503064910217,8.481094662827191,31.76789663711522,9.437420305761979,1.2181210807653282,2.0442975317031262,1.9361869682303177,18.272610209728523,14.65611049504798,131767.89663711522,9.0,77.77777777777779,7.2410496727999,3529.766293012801,18.272610209728523,3.366163168309825,0.5511363636363636,0.5391144385985921,0.5391144385985921
zscore_ride,mean_reversion,40,1.2,0.0,137.7856930868218,10.074458538704311,1.5215191670953838,2.4433071279593777,2.5149078715345303,25.336335080435735,15.64853885539251,237785.6930868218,30.0,93.33333333333333,15.642661388105136,4592.85643622739,25.336335080435735,13.676734343336985,34.86934131282364,11.873753745098414,1.2278633956575498,1.9780227931540157,1.680881160041935,19.958368969113295,15.840936258950386,134869.34131282364,13.0,76.92307692307693,8.18148550967477,2682.257024063357,19.958368969113295,2.9366737816352306,0.7665719696969696,0.48058712121212116,0.4805871212121212
zscore_ride,mean_reversion,40,1.2,0.5,130.8377993243353,10.423611593136584,1.3719957707501245,2.163574420216562,2.338062112107538,24.37105133723754,16.94364218475754,230837.7993243353,24.0,95.83333333333334,17.32627620943973,5451.5749718473035,24.37105133723754,12.55206011422042,30.637298901542938,9.977516041155232,0.9902965957814671,1.5580830101056986,1.7694012068084286,17.654228924170525,18.0606495527609,130637.29890154293,9.0,77.77777777777779,8.838654809685778,3404.1443223936594,17.654228924170525,3.0706338907570068,0.6761363636363636,0.41298268192596704,0.4129826819259671
zscore_ride,mean_reversion,40,1.2,1.0,181.44860386330157,10.423611593136606,1.561338864396739,2.5015237027443686,2.9709347766964225,30.967870180825543,18.36020603010323,281448.60386330157,23.0,95.65217391304348,53.62302493646649,7889.06973318703,30.967870180825543,17.407460191895083,45.12108091857523,9.977516041155177,1.314125970389697,2.100782528886767,2.5482857914206716,25.425562361347566,18.547065426212612,145121.08091857523,9.0,77.77777777777779,13.642217788071711,5013.453435397244,25.425562361347566,4.522275958511133,0.8385416666666667,0.6193392667386592,0.6193392667386592
zscore_ride,mean_reversion,40,1.2,1.5,257.65068137025906,10.423611593136606,1.789725933994681,2.9076673145927443,3.7808625305057597,39.41024250503564,19.64620345544844,357650.68137025903,21.0,95.23809523809523,59.802191941770005,12269.080065250426,39.41024250503564,24.71798561065997,55.37190265096241,10.550390697391055,1.4493859170526435,2.3477856554593135,2.913915250726939,30.74294435425542,19.854425882034995,155371.9026509624,8.0,100.0,inf,6921.4878313703,30.74294435425542,5.248327217365989,0.9109848484848485,0.6106837165823289,0.6106837165823289
zscore_ride,mean_reversion,40,1.5,0.0,145.3815631679311,10.07445853870429,1.678022679041523,2.7676061650509576,2.617319039222339,26.3680721432068,14.58165411163005,245381.5631679311,25.0,92.0,30.21685308295723,5815.262526717244,26.3680721432068,14.430707378406572,39.68892848293399,9.974775715923789,1.5172918040461463,2.5850580618116505,2.2605202550840673,22.548182545766405,14.05129511497395,139688.928482934,11.0,81.81818181818183,20.330891815982714,3608.084407539454,22.548182545766405,3.9789294128763575,0.8323863636363634,0.6842803030303032,0.6842803030303032
zscore_ride,mean_reversion,40,1.5,0.5,145.7451971769926,10.423611593136572,1.5210515737232957,2.4285980597586523,2.534329701254247,26.416868454824115,16.284641847226926,245745.1971769926,22.0,95.45454545454545,40.037484061488826,6624.781689863302,26.416868454824115,13.982216804102576,31.82437068956031,9.531694331159013,1.083495752590636,1.767624422861998,1.9202718310241726,18.303444126057443,16.813332892506274,131824.3706895603,8.0,87.5,120.48550295562673,3978.0463361950383,18.303444126057443,3.338794718324817,0.7694128787878788,0.4798229201718298,0.47982292017182987
zscore_ride,mean_reversion,40,1.5,1.0,194.67955067055826,10.423611593136616,1.6811251663964824,2.7243083148700533,3.122323281165218,32.54588515107413,17.6935291559012,294679.55067055824,21.0,100.0,inf,9270.454793836112,32.54588515107413,18.676784810242182,43.94747581828083,9.531694331159013,1.3684073549731892,2.264883312906071,2.6026362462197654,24.80753315416191,17.283875101102886,143947.47581828083,8.0,100.0,inf,5493.434477285104,24.80753315416191,4.610667767074419,0.7902462121212122,0.5725689215113098,0.5725689215113097
zscore_ride,mean_reversion,40,1.5,1.5,264.161181450807,10.423611593136572,1.8713538914376568,3.0655398689163187,3.8439139826367086,40.067466352431765,18.97131212244478,364161.181450807,19.0,100.0,inf,13903.22007635826,40.067466352431765,25.342577195100397,51.02800451659839,10.550390697391055,1.438154011242358,2.4016690076661016,2.7019810712217502,28.50695595834467,18.64663846444394,151028.0045165984,7.0,100.0,inf,7289.714930942625,28.50695595834467,4.83659856589167,0.8693181818181818,0.5474735590293998,0.5474735590293998
zscore_ride,mean_reversion,40,2.0,0.0,89.53344736073821,7.575633860245423,1.5111892240940377,2.6278101155305866,2.3945084970273056,18.13991964872543,11.465487778813142,189533.4473607382,15.0,100.0,inf,5968.896490715882,18.13991964872543,11.818608054777036,21.086955660898035,8.294320080049989,1.0532500415791182,1.7654040251737284,1.4882789081679741,12.3442616327325,11.698751156510514,121086.95566089803,6.0,83.33333333333334,39.74220131859023,3514.4926101496717,12.3442616327325,2.5423368591257627,0.6860795454545454,0.3919195079315573,0.39191950793155733
zscore_ride,mean_reversion,40,2.0,0.5,95.0496735401258,10.268828896305504,1.4015037100174341,2.3478173472956128,1.8528761305153814,19.02686795031108,13.033312047968618,195049.6735401258,14.0,100.0,inf,6789.262395723271,19.02686795031108,9.256135680118554,29.89602757770364,8.29432008005001,1.185984456983925,1.9626583686453472,2.079453384985278,17.247651966611354,14.273232635713889,129896.02757770364,6.0,100.0,inf,4982.671262950606,17.247651966611354,3.6043976226106027,0.5965909090909091,0.3994014075776398,0.39940140757763987
zscore_ride,mean_reversion,40,2.0,1.0,104.13321822959773,10.268828896305493,1.3652673561817728,2.2819706280637724,1.991250875839187,20.447814533611066,14.383507212196722,204133.21822959773,13.0,100.0,inf,8010.247556122903,20.447814533611066,10.140710229095614,39.40459858932746,8.29432008005001,1.445439549738455,2.439719713859934,2.700206727090895,22.39637887679613,14.73122798704036,139404.59858932748,6.0,100.0,inf,6567.433098221241,22.39637887679613,4.750793098051007,0.6112689393939393,0.5358360481826739,0.5358360481826739
zscore_ride,mean_reversion,40,2.0,1.5,131.56317005210755,10.26882889630546,1.4535331621535788,2.421017112082616,2.3832147540035864,24.472824532013536,15.933576098235394,231563.17005210757,12.0,100.0,inf,10963.5975043423,24.472824532013536,12.811896213349277,56.64569441084727,8.29432008005,1.782442686763778,3.123171402852116,3.784994855175136,31.39395883016507,16.039634668105524,156645.69441084727,6.0,100.0,inf,9440.949068474549,31.39395883016507,6.829456045118746,0.6822916666666666,0.6495315820202023,0.6495315820202023
zscore_ride,mean_reversion,60,1.2,0.0,150.01810303584497,10.423611593136584,1.6933037936685935,2.781464665267346,2.5889579917320105,26.98629253676139,14.753454666717522,250018.10303584498,26.0,96.15384615384616,49.97714784532694,5769.927039840191,26.98629253676139,14.392142463810167,43.19346280020152,9.977516041155244,1.4693482885975613,2.4980643360037575,2.446442844213223,24.409422721906893,15.701764466041073,143193.46280020152,9.0,100.0,inf,4799.273644466839,24.409422721906893,4.329079765147677,0.8267045454545454,0.5906811254433832,0.5906811254433832
zscore_ride,mean_reversion,60,1.2,0.5,159.17315096322307,10.423611593136584,1.5004468499868882,2.4301053929620484,2.703719836162809,28.182525428820004,17.577665435469243,259173.15096322307,20.0,100.0,inf,7958.6575481611535,28.182525428820004,15.270441491510528,42.064105609174874,9.977516041155177,1.336704890692751,2.1988758627481024,2.3865253962934405,23.81159542414202,17.066595106500156,142064.10560917488,7.0,100.0,inf,6009.157944167835,23.81159542414202,4.215889549630308,0.7220643939393939,0.48092105691873466,0.48092105691873466
zscore_ride,mean_reversion,60,1.2,1.0,155.91708923873188,12.219072261452435,1.3685068311636386,2.203050209421159,2.2719162883072728,27.76070929879737,19.255907240796862,255917.08923873186,16.0,100.0,inf,9744.818077420741,27.76070929879737,12.760141351369551,44.65057133182286,14.471738224184183,1.3230998840547399,2.156936462841631,1.7398065155033389,25.17802445309436,18.226063201931236,144650.57133182287,6.0,100.0,inf,7441.761888637149,25.17802445309436,3.085363391745566,0.6207386363636364,0.37996313888928823,0.37996313888928823
zscore_ride,mean_reversion,60,1.2,1.5,155.16348659433606,14.90721353718203,1.3091078432292458,2.079143815459194,1.8556463740226832,27.66251674705369,20.215593843682015,255163.48659433605,15.0,100.0,inf,10344.232439622405,27.66251674705369,10.408617694200364,53.74099315137658,14.471738224184183,1.4196808726647985,2.305276770245914,2.0665349515959983,29.90635285062442,19.81071952776949,153740.99315137658,6.0,100.0,inf,8956.8321918961,29.90635285062442,3.7135133540190974,0.5478219696969697,0.4474469396186599,0.4474469396186599
zscore_ride,mean_reversion,60,1.5,0.0,139.4132919783844,10.074458538704311,1.7934767545833248,3.0399447203389944,2.5370533927054626,25.55943921529029,13.176189581461086,239413.2919783844,21.0,95.23809523809523,48.53102729419747,6638.728189446879,25.55943921529029,13.838291302979993,42.19896700889457,9.531694331158992,1.5339419117202218,2.648531712837318,2.505649188896973,23.883082169682403,14.66177047710309,142198.96700889457,8.0,100.0,inf,5274.870876111821,23.883082169682403,4.427226214225803,0.8551136363636362,0.6026372598451137,0.6026372598451137
zscore_ride,mean_reversion,60,1.5,0.5,174.1386105873532,10.268828896305472,1.7055072239019136,2.864242675092926,2.9285112435760356,30.072380881189066,16.184807993830752,274138.61058735324,18.0,100.0,inf,9674.367254852956,30.072380881189066,16.95798151335494,50.310265391826135,9.531694331159034,1.581092764483607,2.691533371302845,2.9517410623416387,28.135093550971146,16.545031209613136,150310.26539182613,7.0,100.0,inf,7187.180770260877,28.135093550971146,5.278208012542143,0.821496212121212,0.6215528322121044,0.6215528322121044
zscore_ride,mean_reversion,60,1.5,1.0,180.89728917875667,11.343488356980657,1.5825847768945065,2.6193041062388644,2.724112329432595,30.900936492026098,18.04350216899134,280897.28917875665,15.0,100.0,inf,12059.819278583778,30.900936492026098,15.947236289746309,53.046863405314596,14.471738224184183,1.5481569528000763,2.5969307383947555,2.041858261469467,29.549238250873945,17.737949661321487,153046.8634053146,6.0,100.0,inf,8841.143900885763,29.549238250873945,3.665548850010726,0.7580492424242423,0.47238660510560165,0.4723866051056017
zscore_ride,mean_reversion,60,1.5,1.5,174.11783694597503,14.907213537182018,1.4661217168055445,2.3760212314503413,2.0171315702647337,30.06981105052766,19.187296295287968,274117.836945975,14.0,100.0,inf,12436.988353283932,30.06981105052766,11.680106178910304,62.664941880251455,14.471738224184183,1.6255165743067999,2.7019208696346397,2.3799960472000903,34.442679769672814,19.360693131083703,162664.94188025146,6.0,100.0,inf,10444.156980041911,34.442679769672814,4.330159992496967,0.6103219696969697,0.5222659360794851,0.522265936079485
zscore_ride,mean_reversion,60,2.0,0.0,70.99821432535816,7.061244620845287,1.4675481810135833,2.584602222167481,2.126011188444513,15.012285068260711,9.861569397949728,170998.21432535816,10.0,100.0,inf,7099.82143253581,15.012285068260711,10.054631745197792,66.45868162284482,8.294320080049989,2.4941798208703436,5.1378444757358555,4.381493226802605,36.34150725167187,12.756831221445209,166458.68162284483,8.0,100.0,inf,8307.335202855604,36.34150725167187,8.012553287242357,0.6377840909090909,0.7843177830169717,0.6377840909090909
zscore_ride,mean_reversion,60,2.0,0.5,75.03887123169241,10.268828896305504,1.195565489178054,1.974916572613744,1.5303330189450464,15.71472792591333,12.902693711439161,175038.87123169244,9.0,100.0,inf,8337.652359076938,15.71472792591333,7.30744196728117,72.51017748652254,8.29432008005001,2.2921162604617287,4.31973373512724,4.742481947690931,39.33566324800757,14.962668647449012,172510.17748652253,7.0,100.0,inf,10358.596783788937,39.33566324800757,8.742148456620129,0.492309135730759,0.7293045022960383,0.49230913573075896
zscore_ride,mean_reversion,60,2.0,1.0,74.23204119808662,11.343488356980668,1.0201474482467383,1.648705859785159,1.373072396312337,15.57543074086054,15.338973170058448,174232.04119808663,8.0,100.0,inf,9279.00514976083,15.57543074086054,6.544022337926144,73.08662734823649,14.471738224184227,2.126104333426269,3.833998983846684,2.73766116093753,39.61871566760422,16.326482331296898,173086.6273482365,6.0,100.0,inf,12181.104558039415,39.61871566760422,5.050300538611103,0.38072445298718016,0.567010630041351,0.38072445298718016
zscore_ride,mean_reversion,60,2.0,1.5,81.92131950677995,11.343488356980647,1.0842301166154131,1.7617276957612102,1.4884381631468904,16.88408097374241,15.492903253642304,181921.31950677995,8.0,100.0,inf,10240.164938347492,16.88408097374241,7.22188068861256,83.96408493055026,14.471738224184227,2.1426444833481266,3.7642157121461257,3.102081392193337,44.89250985793494,18.071967894422794,183964.08493055025,6.0,100.0,inf,13994.01415509171,44.89250985793494,5.801935028802204,0.4306971843025163,0.5875491780894206,0.43069718430251624
