strategy,category,param_window,param_alpha,is_total_return_pct,is_max_drawdown_pct,is_sharpe_ratio,is_sortino_ratio,is_calmar_ratio,is_annualized_return_pct,is_annualized_volatility_pct,is_final_value,is_total_trades,is_win_rate_pct,is_profit_factor,is_expectancy,is_cagr_pct,is_recovery_factor,oos_total_return_pct,oos_max_drawdown_pct,oos_sharpe_ratio,oos_sortino_ratio,oos_calmar_ratio,oos_annualized_return_pct,oos_annualized_volatility_pct,oos_final_value,oos_total_trades,oos_win_rate_pct,oos_profit_factor,oos_expectancy,oos_cagr_pct,oos_recovery_factor,is_composite,oos_composite,robust_score
bollinger_reversion,mean_reversion,10,1.5,21.525198791900156,15.746017908134524,0.39692908310900515,0.5890732308954145,0.33113430246184206,5.214046656561799,16.03924337953834,121525.19879190015,66.0,66.66666666666666,1.2857357977909791,326.1393756348498,5.214046656561799,1.3670249149646945,-12.350461335974934,25.991448598733292,-0.4450695104563022,-0.6268191088507201,-0.29648845893323483,-7.70616454048082,15.366996417240985,87649.53866402507,24.0,50.0,0.6626161220762605,-514.6025556656218,-7.70616454048082,-0.4751740284524519,0.19227994227994227,0.08644480519480519,0.08644480519480519
bollinger_reversion,mean_reversion,10,2.0,-4.095761335705975,23.937903098604195,-0.027808132969884873,-0.039895518054255036,-0.045299916010978464,-1.0843849998457111,12.251711848627757,95904.23866429403,34.0,67.64705882352942,0.917606196836858,-120.46356869723422,-1.0843849998457111,-0.17109941997988937,-8.228966355735567,19.189708706145424,-0.3520562185554044,-0.5049883183861852,-0.265239346183731,-5.0898657906742635,12.59153216455787,91771.03364426443,14.0,42.857142857142854,0.6565351458623583,-587.7833111239679,-5.0898657906742635,-0.42882184830144265,0.06732503607503607,0.12297077922077924,0.06732503607503607
bollinger_reversion,mean_reversion,10,2.5,8.644629516016385,4.19077066522624,0.5403860897034489,0.9467991690005738,0.5214242048007952,2.1851692616180918,4.159163586873223,108644.62951601639,5.0,80.0,6.393069730400697,1728.9259032032762,2.1851692616180918,2.0627779963592214,1.4087066509799333,3.326337066855989,0.23470376247503624,0.4039544765717507,0.25692357586890746,0.8546144137619338,3.956552866254099,101408.70665097993,1.0,100.0,inf,1408.7066509799279,0.8546144137619338,0.4235008727817908,0.2541005564247654,0.09683191942358126,0.09683191942358127
bollinger_reversion,mean_reversion,10,3.0,0.0,0.0,,,,0.0,0.0,100000.0,0.0,,,,0.0,,0.0,0.0,,,,0.0,0.0,100000.0,0.0,,,,0.0,,0.0,0.0,0.0
bollinger_reversion,mean_reversion,20,1.5,54.11798861542625,12.276810463840471,0.7983639303673772,1.2209245501228008,0.9723710016656972,11.937614487984472,15.658680347771433,154117.98861542623,37.0,72.97297297297297,2.5429497383566684,1462.64834095747,11.937614487984472,4.408147276918771,21.089800891105043,9.437420305761957,0.8312869472101483,1.3062150412558238,1.3081824379320435,12.345867503381047,15.43193418713451,121089.80089110504,15.0,73.33333333333333,2.256915169704739,1405.9867260736683,12.345867503381047,2.2346997598728118,0.3931277056277056,0.4845779220779221,0.3931277056277056
bollinger_reversion,mean_reversion,20,2.0,58.76517789824922,12.276810463840327,0.9546341556303879,1.5334375519117975,1.0432648197794274,12.807964456024568,13.588687458845463,158765.17789824924,27.0,77.77777777777779,3.7651571757042657,2176.488070305526,12.807964456024568,4.786681204481738,18.13535624855751,9.437420305761979,0.8687532040836725,1.3976141765363694,1.1306377875536742,10.670304014720845,12.577152630606465,118135.35624855751,10.0,70.0,2.994076255952224,1813.53562485575,10.670304014720845,1.9216433793337615,0.533910533910534,0.46875000000000006,0.4687500000000001
bollinger_reversion,mean_reversion,20,2.5,32.35349912812159,7.575633860245434,0.9711627175159769,1.6018081324452254,1.0007929724103186,7.581641128887284,7.84074982918387,132353.4991281216,10.0,80.0,10.20890753228609,3235.34991281216,7.581641128887284,4.2707316278711245,17.018185229733323,3.326337066855989,1.4606561389770265,3.037602476236872,3.0160661213695543,10.032452535600122,6.698175710538988,117018.18522973332,4.0,100.0,inf,4254.546307433333,10.032452535600122,5.116193845568,0.5545183982683983,0.5080948561934504,0.5080948561934504
bollinger_reversion,mean_reversion,20,3.0,0.0,0.0,,,,0.0,0.0,100000.0,0.0,,,,0.0,,1.8019849942959556,3.326337066855989,0.2904697816313206,0.5073848624344156,0.3284006148203445,1.0923711378552081,4.015514027129943,101801.98499429596,1.0,100.0,inf,1801.9849942959618,1.0923711378552081,0.5417325298302281,0.0,0.1128743182677796,0.0
bollinger_reversion,mean_reversion,30,1.5,154.4289286504864,10.074458538704267,1.7207291283334742,2.8493807921029717,2.7362859267631583,27.566599119215418,14.786070914577213,254428.9286504864,33.0,87.87878787878788,17.553341005600263,4679.664504560195,27.566599119215418,15.328757179077972,28.378373846331666,13.677328034816306,1.0935633230386554,1.7109368733645913,1.1999707913073283,16.412394144908426,14.912725035133894,128378.37384633167,13.0,69.23076923076923,5.434226603378818,2182.9518343332065,16.412394144908426,2.074847790013746,0.8296356421356421,0.564935064935065,0.5649350649350651
bollinger_reversion,mean_reversion,30,2.0,83.34507412010691,10.0744585387043,1.3514746016455588,2.216419895134734,1.6995340198386433,17.121885017981864,12.249275661358656,183345.07412010693,20.0,95.0,28.1191630848143,4167.253706005341,17.121885017981864,8.27290854390931,24.566199292511023,9.437420305761968,1.26305813757277,2.143234345818998,1.5149350250549591,14.297078567363686,11.063351864995749,124566.19929251102,7.0,85.71428571428571,24.76528601488162,3509.4570417872924,14.297078567363686,2.603062966000598,0.7362463924963923,0.5982934118315913,0.5982934118315913
bollinger_reversion,mean_reversion,30,2.5,53.931514758053275,7.57563386024549,1.3745503263064138,2.445182148817375,1.571127680045182,11.902288051719223,8.439965275603722,153931.5147580533,10.0,100.0,inf,5393.151475805328,11.902288051719223,7.119076205763938,14.469538343523672,6.413850675943356,1.0218898408571726,1.7363944429363647,1.3359059062363254,8.568300999710576,8.387723091933767,114469.53834352367,4.0,100.0,inf,3617.384585880919,8.568300999710576,2.255983039610675,0.6599025974025974,0.3647399801216938,0.36473998012169373
bollinger_reversion,mean_reversion,30,3.0,9.559919913062549,7.5756338602454125,0.6328582231294334,1.0844274959704527,0.31798201414996746,2.4089153133435293,3.879668260098052,109559.91991306255,2.0,100.0,inf,4779.9599565312765,2.4089153133435293,1.261930036406598,3.3552200097089804,3.326337066855989,0.46607225839490873,0.8190268291666616,0.6096452334170894,2.027885537547336,4.525532596983968,103355.22000970898,1.0,100.0,inf,3355.2200097089863,2.027885537547336,1.0086831076564022,0.139028252497146,0.13097014416403535,0.13097014416403535
bollinger_reversion,mean_reversion,50,1.5,153.10360786849563,10.423611593136572,1.7335764412616523,2.888286024411282,2.62797793620719,27.39302128235639,14.580308060495831,253103.60786849563,23.0,95.65217391304348,50.375142937080795,6656.678602978072,27.39302128235639,14.688153573307233,28.860758549304826,9.531694331159002,1.1460056831083911,1.890914913988406,1.7497725627950966,16.678297217611583,14.356619805514468,128860.75854930482,8.0,87.5,111.85062759436393,3607.5948186631053,16.678297217611583,3.0278728572903697,0.8534902597402596,0.6570264674147109,0.6570264674147108
bollinger_reversion,mean_reversion,50,2.0,51.32396651410842,7.061244620845275,1.1108149772475466,1.8602486951444006,1.615148136887358,11.404956093464126,10.188486320793308,151323.9665141084,9.0,100.0,inf,5702.6629460120475,11.404956093464126,7.268402281744577,30.467279190381902,8.29432008005002,1.4146244571786548,2.5030386269176526,2.1172387063746925,17.561055516542744,11.939462858857548,130467.2791903819,6.0,100.0,inf,5077.87986506365,17.561055516542744,3.6732702495607286,0.6175681859062598,0.6045249167822129,0.6045249167822129
bollinger_reversion,mean_reversion,50,2.5,26.126833491654804,6.058223264500251,0.8364288508349991,1.380659953812396,1.0297582990252723,6.2385056839671105,7.576886083517303,126126.8334916548,4.0,100.0,inf,6531.708372913699,6.2385056839671105,4.312623082868511,11.681812864256761,3.920643509641064,0.892793108861661,1.609434894836855,1.7732044631086503,6.952102569553498,7.873023536241908,111681.81286425676,2.0,100.0,inf,5840.906432128386,6.952102569553498,2.97956517483178,0.32418479584356036,0.2666220664729863,0.2666220664729863
bollinger_reversion,mean_reversion,50,3.0,21.059100561633212,6.05822326450024,0.8264435166418794,1.4736299635580452,0.8432652158232969,5.108688948644513,6.264652027400033,121059.10056163321,2.0,100.0,inf,10529.550280816602,5.108688948644513,3.476118268046438,0.0,0.0,,,,0.0,0.0,100000.0,0.0,,,,0.0,,0.20799788167327588,0.0,0.0
