strategy,category,param_adx_threshold,param_fast_window,param_slow_window,param_z_window,param_z_entry,is_total_return_pct,is_max_drawdown_pct,is_sharpe_ratio,is_sortino_ratio,is_calmar_ratio,is_annualized_return_pct,is_annualized_volatility_pct,is_final_value,is_total_trades,is_win_rate_pct,is_profit_factor,is_expectancy,is_cagr_pct,is_recovery_factor,oos_total_return_pct,oos_max_drawdown_pct,oos_sharpe_ratio,oos_sortino_ratio,oos_calmar_ratio,oos_annualized_return_pct,oos_annualized_volatility_pct,oos_final_value,oos_total_trades,oos_win_rate_pct,oos_profit_factor,oos_expectancy,oos_cagr_pct,oos_recovery_factor,is_composite,oos_composite,robust_score
regime_switcher,hybrid,20.0,10,50,15,1.2,-11.539655309975148,14.637816126941882,-0.4094364505798297,-0.5685316253494374,-0.2149373217780296,-3.1462129950041384,7.178472025926441,88460.34469002485,11.0,54.54545454545454,0.3610786600177613,-1049.0595736341077,-3.1462129950041384,-0.7883454205122606,-1.3107190580981551,9.413591371296903,-0.09844560295887779,-0.14429008896066453,-0.08492118184687399,-0.7994133046740681,6.204470445528472,98689.28094190184,5.0,40.0,0.7233797152098319,-262.14381161963024,-0.7994133046740681,-0.1392368763843611,0.563131313131313,0.3685823857321293,0.3685823857321293
regime_switcher,hybrid,20.0,10,50,15,1.5,-13.24739910537048,14.637816126941882,-0.49147562444572124,-0.6741334641804493,-0.24848035013705644,-3.63720967646437,7.034833475712531,86752.60089462952,10.0,50.0,0.24683534931534712,-1324.7399105370516,-3.63720967646437,-0.9050119902099162,0.053240506881789766,9.41359137129706,0.03574543819379318,0.05332528254044741,0.0034401959591961067,0.03238459899705948,6.11260406565155,100053.24050688179,5.0,40.0,1.01108295110133,10.648101376355385,0.03238459899705948,0.005655706178634986,0.4147727272727273,0.45072105223359693,0.4147727272727273
regime_switcher,hybrid,20.0,10,50,15,2.0,-12.817064298046695,14.637816126941882,-0.48021408315803993,-0.6604224195440297,-0.23998214696877254,-3.5128145410776357,6.944395984777822,87182.9357019533,8.0,50.0,0.2517161146961072,-1602.1330372558396,-3.5128145410776357,-0.8756131506841399,-0.7083344940495153,7.188992135405647,-0.05794521490869075,-0.09031349537046149,-0.060022765100744946,-0.43150318625455597,5.1700905630979666,99291.66550595048,4.0,25.0,0.7437748261794211,-177.08362351237804,-0.43150318625455597,-0.09853043106849173,0.3883003566988272,0.3927559501328656,0.3883003566988272
regime_switcher,hybrid,20.0,10,50,20,1.2,-12.167892787023229,14.637816126941882,-0.4400645646814283,-0.6090693295001945,-0.22722086529814325,-3.3260172464388504,7.11185518657276,87832.10721297677,10.0,50.0,0.31048403627743537,-1216.7892787023213,-3.3260172464388504,-0.8312642187537392,0.053240506881789766,9.41359137129706,0.03574543819379318,0.05332528254044741,0.0034401959591961067,0.03238459899705948,6.11260406565155,100053.24050688179,5.0,40.0,1.01108295110133,10.648101376355385,0.03238459899705948,0.005655706178634986,0.5115740740740741,0.45072105223359693,0.45072105223359693
regime_switcher,hybrid,20.0,10,50,20,1.5,-13.775621869257884,14.637816126941882,-0.5169942444509081,-0.7071476630607807,-0.2589543446386664,-3.790526082093537,7.000233102055526,86224.37813074212,8.0,50.0,0.1944036368753856,-1721.9527336572332,-3.790526082093537,-0.9410981631271436,0.053240506881789766,9.41359137129706,0.03574543819379318,0.05332528254044741,0.0034401959591961067,0.03238459899705948,6.11260406565155,100053.24050688179,5.0,40.0,1.01108295110133,10.648101376355385,0.03238459899705948,0.005655706178634986,0.3190349513351972,0.45072105223359693,0.3190349513351972
regime_switcher,hybrid,20.0,10,50,20,2.0,-12.093339065734748,14.637816126941882,-0.44878883858228336,-0.6179052230760465,-0.2257597719720358,-3.304630030986988,6.949643189949198,87906.66093426525,8.0,50.0,0.28465603302521447,-1511.667383216844,-3.304630030986988,-0.8261709916874926,-2.5062164179229582,6.995734957989019,-0.2858371491148978,-0.42979634493515617,-0.2190171783199762,-1.5321861307731721,4.971781800352162,97493.78358207704,4.0,25.0,0.07614010225743292,-626.5541044807387,-1.5321861307731721,-0.3582491951129307,0.4481547015510942,0.24608802161832213,0.24608802161832216
regime_switcher,hybrid,20.0,10,50,30,1.2,-9.304583461487026,14.637816126941882,-0.3246851232173456,-0.4538057782262807,-0.17175243406724228,-2.5140805492310014,7.07218252882586,90695.41653851297,9.0,55.55555555555556,0.4620074851393351,-1033.8426068318927,-2.5140805492310014,-0.6356538011405483,-4.009347739408302,10.29160003634697,-0.3811817315088087,-0.5429386068705878,-0.2388875513146924,-2.458535131793127,6.051337307451086,95990.6522605917,4.0,25.0,0.283196124519788,-1002.3369348520738,-2.458535131793127,-0.38957477216841296,0.6166840714810684,0.16676489512588297,0.166764895125883
regime_switcher,hybrid,20.0,10,50,30,1.5,-13.897292258371715,14.637816126941882,-0.535146774667428,-0.728353113373984,-0.2613736342552283,-3.82593919865859,6.850849058296972,86102.70774162828,7.0,42.857142857142854,0.1879077040288177,-1985.3274654816723,-3.82593919865859,-0.9494102219792758,-0.9153305986895139,8.445942848054822,-0.0657888501575522,-0.09668100957698454,-0.06604691850533853,-0.5578284989862237,5.882382351207701,99084.66940131049,4.0,25.0,0.7498956834158215,-228.83264967237994,-0.5578284989862237,-0.10837518263580519,0.2692031103894364,0.3512310919690384,0.2692031103894364
regime_switcher,hybrid,20.0,10,50,30,2.0,-13.00058902016627,14.637816126941882,-0.4966866154279609,-0.6770628393342278,-0.2436025713370409,-3.565809647281848,6.839172795312833,86999.41097983373,7.0,42.857142857142854,0.19829836238536022,-1857.2270028808944,-3.565809647281848,-0.8881508626302399,1.5048005111334932,6.722334255318629,0.1947330699572152,0.3073365701042463,0.13577743783081583,0.9127413214294888,5.414234004868576,101504.8005111335,3.0,33.33333333333333,2.2138775490949683,501.60017037783234,0.9127413214294888,0.2238508907739768,0.3262481121985779,0.44686876166825107,0.32624811219857797
regime_switcher,hybrid,20.0,10,80,15,1.2,-10.130029294764316,13.72625734952626,-0.42023821050128923,-0.5752297174374071,-0.20006773168120937,-2.746181172392248,6.172561109727966,89869.97070523568,11.0,45.45454545454545,0.44948605183212975,-920.9117540694796,-2.746181172392248,-0.7380037425215503,-3.918515651900234,7.600949076969932,-0.38485434032470145,-0.5524233713651582,-0.31606535044653644,-2.402396633738779,5.87189712420531,96081.48434809977,6.0,33.33333333333333,0.3194251273077066,-653.0859419833716,-2.402396633738779,-0.5155297861122264,0.6016414141414141,0.25868790279592474,0.2586879027959248
regime_switcher,hybrid,20.0,10,80,15,1.5,-11.86498618874907,13.72625734952626,-0.5182800885464262,-0.6974421250994965,-0.23598608986112785,-3.239205800342271,6.004990684006765,88135.01381125093,10.0,40.0,0.3390996470476929,-1186.4986188749044,-3.239205800342271,-0.8644006801430523,-2.590597783381076,7.600949076969988,-0.24769305111915926,-0.3621442685890791,-0.20840025964461328,-1.584039761186029,5.775392336783431,97409.40221661892,6.0,33.33333333333333,0.5561940300062385,-431.76629723017675,-1.584039761186029,-0.34082556759001226,0.45370370370370366,0.3352999471022161,0.3352999471022161
regime_switcher,hybrid,20.0,10,80,15,2.0,-11.427793945567624,13.726257349526295,-0.5068203973569936,-0.6839503836050413,-0.22688609143471825,-3.114296880061096,5.898765508623825,88572.20605443238,8.0,37.5,0.346805748222672,-1428.47424319595,-3.114296880061096,-0.8325498826496945,1.2785007839441533,5.623527486101542,0.17298431982235107,0.27448407863173907,0.13795946028521988,0.7758188168816682,5.263697974697851,101278.50078394415,4.0,50.0,1.645113526635887,319.62519598604126,0.7758188168816682,0.2273485436150081,0.42312128059086934,0.5354311038239642,0.4231212805908694
regime_switcher,hybrid,20.0,10,80,20,1.2,-10.768277810029234,14.674818539264711,-0.4568495916883806,-0.6224313892696854,-0.19943879068980225,-2.926728063063244,6.094989325799362,89231.72218997077,10.0,40.0,0.4021560087994668,-1076.8277810029217,-2.926728063063244,-0.73379291070735,-2.590597783381076,7.600949076969988,-0.24769305111915926,-0.3621442685890791,-0.20840025964461328,-1.584039761186029,5.775392336783431,97409.40221661892,6.0,33.33333333333333,0.5561940300062385,-431.76629723017675,-1.584039761186029,-0.34082556759001226,0.5399831649831649,0.3352999471022161,0.3352999471022161
regime_switcher,hybrid,20.0,10,80,20,1.5,-12.401626244615152,14.674818539264711,-0.5489024243100437,-0.7357240865411094,-0.23122299156899345,-3.393155443380913,5.964444693011899,87598.37375538485,8.0,37.5,0.2908824182367148,-1550.2032805768918,-3.393155443380913,-0.8450957135471701,-2.590597783381076,7.600949076969988,-0.24769305111915926,-0.3621442685890791,-0.20840025964461328,-1.584039761186029,5.775392336783431,97409.40221661892,6.0,33.33333333333333,0.5561940300062385,-431.76629723017675,-1.584039761186029,-0.34082556759001226,0.3574320782215573,0.3352999471022161,0.3352999471022161
regime_switcher,hybrid,20.0,10,80,20,2.0,-10.692536066407964,13.662012032298643,-0.4697347578685397,-0.6348852149339131,-0.21265187776676403,-2.9052525127404305,5.904907349084907,89307.46393359204,8.0,37.5,0.38106520229799756,-1336.567008300994,-2.9052525127404305,-0.7826472441342842,-0.5553569211171271,5.623527486101565,-0.041619243669962586,-0.06381140871329256,-0.06014205601208803,-0.3382105050546369,5.069787303866221,99444.64307888287,4.0,50.0,0.7146070709751252,-138.83923027927955,-0.3382105050546369,-0.0987559716725277,0.47601144066472806,0.43321606834377413,0.43321606834377413
regime_switcher,hybrid,20.0,10,80,30,1.2,-7.859341313029784,13.662012032298643,-0.3225665548418004,-0.44512292963205036,-0.15454808903744233,-2.111437851998299,6.048520389301483,92140.65868697022,9.0,44.44444444444444,0.5549968607123543,-873.2601458921984,-2.111437851998299,-0.5752696816873938,-6.54583492031478,8.496526775445012,-0.6929449717016759,-0.963251517665843,-0.4748656480875264,-4.034708693714717,5.708507391610031,93454.16507968522,5.0,20.0,0.14979689810661917,-1309.166984062954,-4.034708693714717,-0.770413027971884,0.6699876153740582,0.10951822200195685,0.10951822200195682
regime_switcher,hybrid,20.0,10,80,30,1.5,-12.525235465715012,13.662012032298643,-0.573738593506042,-0.7629833207716052,-0.25096704770877165,-3.428714825507706,5.788398659163975,87474.76453428499,7.0,28.57142857142857,0.2853685988360479,-1789.3193522450006,-3.428714825507706,-0.916792887907275,-3.533575061478288,6.61393781856876,-0.36813299454258813,-0.5285766026202541,-0.32729603132981133,-2.164715599479705,5.530657293413092,96466.42493852171,5.0,20.0,0.2481847239440353,-706.7150122956608,-2.164715599479705,-0.5342619114981255,0.2987820002163986,0.24031512028962002,0.24031512028962004
regime_switcher,hybrid,20.0,10,80,30,2.0,-11.614243155757386,13.662012032298643,-0.5284834121467257,-0.7041892036259213,-0.23184805156209906,-3.1675108701063937,5.774530374973495,88385.75684424261,7.0,28.57142857142857,0.30101441415660074,-1659.1775936796262,-3.1675108701063937,-0.8501122037002979,-1.177394257144566,5.623527486101521,-0.11820138190274938,-0.18280309980296924,-0.12766163837768182,-0.7179087323376465,5.031175112609425,98822.60574285543,4.0,25.0,0.497672281063772,-294.34856428614216,-0.7179087323376465,-0.20936934336223684,0.3565312613071345,0.3557562367689427,0.3557562367689427
regime_switcher,hybrid,20.0,20,50,15,1.2,-15.93615128062945,15.936151280629518,-0.6518038452660879,-0.8578947015461721,-0.27766706482707976,-4.424944350732707,6.607700776004731,84063.84871937055,11.0,36.36363636363637,0.2735054241102867,-1448.7410255117695,-4.424944350732707,-0.9999999999999957,0.6640624498568067,7.600949076969865,0.09538926058702907,0.1415731475333652,0.05307858067920761,0.4034475888204936,6.282849714325371,100664.0624498568,5.0,40.0,1.1373975108196546,132.8124899713589,0.4034475888204936,0.08736572803373348,0.2815656565656566,0.5411926269308657,0.2815656565656566
regime_switcher,hybrid,20.0,20,50,15,1.5,-17.559019884302764,17.559019884302817,-0.7479765930346886,-0.9692826319806334,-0.2795975278435052,-4.9094585510060185,6.45106529745296,82440.98011569724,10.0,30.0,0.18001005034799392,-1755.9019884302757,-4.9094585510060185,-0.999999999999997,2.055314970067644,7.600949076969998,0.23073091216299316,0.3486507641693514,0.1638389470061236,1.2453314930179316,6.191701493825655,102055.31497006764,5.0,40.0,1.4194567162976142,411.0629940135324,1.2453314930179316,0.27040241281118593,0.1719276094276094,0.5666377573144725,0.17192760942760943
regime_switcher,hybrid,20.0,20,50,15,2.0,-17.15007279882267,17.150072798822656,-0.7402867306838155,-0.9604018138136342,-0.2791070232322651,-4.786705767096033,6.352394583458586,82849.92720117733,8.0,25.0,0.18228767000905374,-2143.759099852836,-4.786705767096033,-1.0000000000000009,0.41119869962541267,5.623527486101587,0.07369094703416984,0.11635971905436576,0.04444627078254794,0.24994482540037222,5.238043104424182,100411.19869962541,4.0,50.0,1.2092772377100252,102.79967490635374,0.24994482540037222,0.07312113271281778,0.14982408334089498,0.49177676575429974,0.149824083340895
regime_switcher,hybrid,20.0,20,50,20,1.2,-16.533165235475156,16.5331652354752,-0.6881962750241026,-0.9016259355001915,-0.2783722678194608,-4.602374700833101,6.535159063284168,83466.83476452484,10.0,30.0,0.23164507235631918,-1653.3165235475142,-4.602374700833101,-0.9999999999999974,2.055314970067644,7.600949076969998,0.23073091216299316,0.3486507641693514,0.1638389470061236,1.2453314930179316,6.191701493825655,102055.31497006764,5.0,40.0,1.4194567162976142,411.0629940135324,1.2453314930179316,0.27040241281118593,0.2203282828282828,0.5666377573144725,0.22032828282828276
regime_switcher,hybrid,20.0,20,50,20,1.5,-18.06098987627089,18.06098987627096,-0.7775930910081652,-1.0040103392621822,-0.2802033997590528,-5.060750766344957,6.413221707509656,81939.01012372911,8.0,25.0,0.13686720043864897,-2257.623734533862,-5.060750766344957,-0.9999999999999962,2.055314970067644,7.600949076969998,0.23073091216299316,0.3486507641693514,0.1638389470061236,1.2453314930179316,6.191701493825655,102055.31497006764,5.0,40.0,1.4194567162976142,411.0629940135324,1.2453314930179316,0.27040241281118593,0.11293272613635302,0.5666377573144725,0.11293272613635305
regime_switcher,hybrid,20.0,20,50,20,2.0,-16.462316848326967,16.462316848326875,-0.7056522681021031,-0.9166842072160148,-0.2782882808385374,-4.581269854340175,6.358257694163687,83537.68315167303,8.0,25.0,0.20813011293538095,-2057.789606040871,-4.581269854340175,-1.0000000000000056,-1.406954699017093,5.623527486101532,-0.14585900382778608,-0.22244447922825558,-0.15262150114713116,-0.8582712066709686,5.042825953723708,98593.0453009829,4.0,50.0,0.2707335292436278,-351.7386747542721,-0.8582712066709686,-0.25019077482849716,0.1761750527727107,0.35123109196903846,0.17617505277271073
regime_switcher,hybrid,20.0,20,50,30,1.2,-13.81216292848572,13.81216292848575,-0.5643527774218117,-0.7466538329310002,-0.2752036577313672,-3.8011577591008705,6.492444565989021,86187.83707151428,9.0,33.33333333333333,0.35109877469567824,-1534.6847698317486,-3.8011577591008705,-0.9999999999999978,-2.088566037367695,8.496526775445068,-0.17880528747040678,-0.25809590858654724,-0.1501545306256799,-1.2757919899154757,6.132592752885119,97911.4339626323,4.0,25.0,0.6339247541090917,-522.1415093419214,-1.2757919899154757,-0.2458140946961579,0.3156288497933212,0.28947617469975695,0.28947617469975695
regime_switcher,hybrid,20.0,20,50,30,1.5,-18.17661322388427,18.176613223884186,-0.8054675434017076,-1.0315467869551578,-0.2803435530833942,-5.095696334206301,6.249794278869023,81823.38677611573,7.0,14.285714285714285,0.13261526448480468,-2596.6590319834672,-5.095696334206301,-1.0000000000000047,1.0673626683809707,6.613937818568916,0.13799528789418058,0.20563116172763493,0.09796913110204455,0.6479617412481486,5.964870715278848,101067.36266838097,4.0,25.0,1.285924089856218,266.8406670952405,0.6479617412481486,0.16138081392061232,0.07905310435896463,0.49044584081315146,0.07905310435896462
regime_switcher,hybrid,20.0,20,50,30,2.0,-17.324476307316598,17.324476307316584,-0.7639256061724332,-0.9797651155541879,-0.2793158713168939,-4.839001194887016,6.23715479206112,82675.5236926834,7.0,14.285714285714285,0.13823648836001273,-2474.9251867595144,-4.839001194887016,-1.0000000000000009,3.535920822325643,5.6235274861016205,0.4115031195207014,0.6600606517255253,0.37989731947773875,2.1363630179793924,5.502873549420078,103535.92082232564,3.0,33.33333333333333,3.796365995074677,1178.6402741085462,2.1363630179793924,0.6287727464771117,0.11813949448745048,0.4842134814981487,0.11813949448745051
regime_switcher,hybrid,20.0,20,80,15,1.2,-18.014921882733063,18.01492188273319,-0.7741121888931145,-0.9810903052663101,-0.2801476207878456,-5.0468375041266,6.421985875571414,81985.07811726694,11.0,45.45454545454545,0.25941362107605587,-1637.7201711575508,-5.0468375041266,-0.9999999999999929,-5.47281336909924,7.600949076969976,-0.5492530221569342,-0.7811802702172701,-0.442828055876699,-3.365913502572404,5.915838523695985,94527.18663090076,6.0,33.33333333333333,0.22464778980818206,-912.1355615165436,-3.365913502572404,-0.7200171075584826,0.20286195286195285,0.1980502847492429,0.1980502847492429
regime_switcher,hybrid,20.0,20,80,15,1.5,-19.597659424174648,19.59765942417472,-0.8768645374694954,-1.092389209329812,-0.2820846571760481,-5.528199040121273,6.260554939862406,80402.34057582535,10.0,40.0,0.17644995342939407,-1959.7659424174635,-5.528199040121273,-0.9999999999999963,-4.1663770558003455,7.600949076969998,-0.41577402705578004,-0.6017976973057451,-0.33622587161749773,-2.5556357285244524,5.820449295466298,95833.62294419965,6.0,33.33333333333333,0.41778178637635105,-694.3961759667253,-2.5556357285244524,-0.548139056532294,0.09869528619528617,0.22527201113041462,0.09869528619528617
regime_switcher,hybrid,20.0,20,80,15,2.0,-19.19882497560166,19.198824975601713,-0.8714272227818569,-1.0854558521911644,-0.28159249317640767,-5.40624499093717,6.158869090732208,80801.17502439834,8.0,37.5,0.17843623715948206,-2399.8531219502047,-5.40624499093717,-0.9999999999999972,1.0365436936992483,5.623527486101565,0.14539782325891157,0.23056826391820784,0.11190311025894514,0.629290216321432,5.260441152287717,101036.54369369925,4.0,50.0,1.524277893665411,259.13592342480956,0.629290216321432,0.18432268647411168,0.08846396880680987,0.5266469992123854,0.08846396880680985
regime_switcher,hybrid,20.0,20,80,20,1.2,-18.597172594195435,18.59717259419541,-0.8132452294984537,-1.0251409997741714,-0.28085523828848274,-5.223113340434793,6.347267350387346,81402.82740580456,10.0,40.0,0.22274130777651072,-1859.7172594195429,-5.223113340434793,-1.0000000000000013,-4.1663770558003455,7.600949076969998,-0.41577402705578004,-0.6017976973057451,-0.33622587161749773,-2.5556357285244524,5.820449295466298,95833.62294419965,6.0,33.33333333333333,0.41778178637635105,-694.3961759667253,-2.5556357285244524,-0.548139056532294,0.13531144781144777,0.22527201113041462,0.13531144781144777
regime_switcher,hybrid,20.0,20,80,20,1.5,-20.08721646481662,20.08721646481656,-0.908347637053905,-1.127041337933222,-0.2826925686145249,-5.678506818754969,6.22150532389106,79912.78353518338,8.0,37.5,0.13898038418959346,-2510.902058102075,-5.678506818754969,-1.000000000000003,-4.1663770558003455,7.600949076969998,-0.41577402705578004,-0.6017976973057451,-0.33622587161749773,-2.5556357285244524,5.820449295466298,95833.62294419965,6.0,33.33333333333333,0.41778178637635105,-694.3961759667253,-2.5556357285244524,-0.548139056532294,0.054960593386358475,0.22527201113041462,0.05496059338635849
regime_switcher,hybrid,20.0,20,80,20,2.0,-18.528076179466503,18.528076179466524,-0.8355471870321072,-1.0422086631095522,-0.28077096454895795,-5.202145820145388,6.164980041848859,81471.9238205335,8.0,37.5,0.20177717086686764,-2316.00952243331,-5.202145820145388,-0.9999999999999989,-0.7929328754762828,5.623527486101576,-0.07040246610509412,-0.10786850751068029,-0.08591036533283679,-0.4831193007902357,5.066317330435746,99207.06712452372,4.0,50.0,0.5915431092610669,-198.23321886907001,-0.4831193007902357,-0.14100275626570669,0.1095447443522624,0.39781346490922914,0.10954474435226241
regime_switcher,hybrid,20.0,20,80,30,1.2,-15.943456518923863,15.943456518923904,-0.6866705419026589,-0.87352414208096,-0.2776756594127745,-4.427109802211094,6.3035205793032,84056.54348107614,9.0,44.44444444444444,0.32899556497206334,-1771.4951687693197,-4.427109802211094,-0.9999999999999974,-8.057630834289638,8.496526775445012,-0.8595928531317033,-1.184452970799164,-0.5863702842525864,-4.982110820477404,5.752896349083831,91942.36916571036,5.0,20.0,0.1009105479379831,-1611.526166857928,-4.982110820477404,-0.948344076026008,0.2609278347121257,0.07529377762634534,0.07529377762634533
regime_switcher,hybrid,20.0,20,80,30,1.5,-20.19998062361586,20.19998062361591,-0.9414378221346686,-1.1562874192228556,-0.28283319213427893,-5.713225000827871,6.052889611612819,79800.01937638414,7.0,28.57142857142857,0.13647368739843785,-2885.7115176594048,-5.713225000827871,-0.9999999999999976,-5.094099912708509,6.613937818568805,-0.5424545946916601,-0.7708656813967631,-0.4733305668310914,-3.1305789366487646,5.577396807698928,94905.90008729149,5.0,20.0,0.1522253654894293,-1018.8199825417024,-3.1305789366487646,-0.7702068045464063,0.03345231587573114,0.175437477908026,0.03345231587573114
regime_switcher,hybrid,20.0,20,80,30,2.0,-19.368915751667956,19.368915751668013,-0.8988754252533647,-1.1054060098744234,-0.28180204869878017,-5.458200139894121,6.0399192944872455,80631.08424833204,7.0,28.57142857142857,0.14150079796565676,-2766.9879645239916,-5.458200139894121,-0.9999999999999971,-2.7760347398133454,5.623527486101565,-0.311641094551711,-0.47441553422760835,-0.30195556884230773,-1.6980554409661508,5.083280004281315,97223.96526018665,4.0,25.0,0.24783485032321712,-694.0086849533344,-1.6980554409661508,-0.49364651398508486,0.057397131449938694,0.24715276157124072,0.05739713144993869
regime_switcher,hybrid,25.0,10,50,15,1.2,-4.914269789207727,7.84450841273705,-0.20154861254728462,-0.2669140210398415,-0.16638139886923514,-1.3051802831526738,5.707564760575303,95085.73021079227,10.0,50.0,0.6261719040354121,-491.42697892077217,-1.3051802831526738,-0.6264598787641652,-2.7604630418129528,9.541354630999976,-0.268870339229294,-0.3699724702096682,-0.17696417263448563,-1.6884779280871287,5.724384485466887,97239.53695818705,11.0,45.45454545454545,0.750982820853522,-250.95118561936,-1.6884779280871287,-0.28931563164460683,0.8217592592592592,0.4175084175084175,0.4175084175084175
regime_switcher,hybrid,25.0,10,50,15,1.5,-1.4862706726302568,7.844508412737039,-0.0614127884437063,-0.08641535241956338,-0.04967033607071112,-0.3896393691701694,4.6196673601272025,98513.72932736974,8.0,50.0,0.8158396023006284,-185.78383407878414,-0.3896393691701694,-0.18946638774929683,-2.3047813520154303,8.463085546102455,-0.22491732420003893,-0.3110020215922704,-0.1664253812837037,-1.408472238846703,5.607947933825068,97695.21864798457,10.0,40.0,0.7666493539950349,-230.47813520154307,-1.408472238846703,-0.27233345798765585,0.8272322189487858,0.47222222222222227,0.4722222222222222
regime_switcher,hybrid,25.0,10,50,15,2.0,-3.074079016941978,7.844508412737106,-0.17977034949949164,-0.24616772324688183,-0.10334990004741526,-0.810729160377488,4.0676196984721384,96925.92098305802,5.0,40.0,0.5856529904846466,-614.8158033883963,-0.810729160377488,-0.3918765657705975,-0.5194936289840989,4.789015904804794,-0.0771361026145056,-0.10565879583837558,-0.06605690608683629,-0.3163475738720556,3.3714497178304983,99480.5063710159,5.0,40.0,0.88862036024088,-103.89872579681935,-0.3163475738720556,-0.10847607093200375,0.6075582886331383,0.458012346904923,0.45801234690492304
regime_switcher,hybrid,25.0,10,50,20,1.2,-0.45764245809787824,7.844508412737083,-0.004739852016842776,-0.006744676098528627,-0.015235664750322004,-0.11951630030754279,4.4400366194378265,99542.35754190212,8.0,50.0,0.943768542612115,-57.205307262237966,-0.11951630030754279,-0.05833921439293848,-3.337532155127876,9.786119958832163,-0.36291696439075943,-0.48470470022635687,-0.20884803905721386,-2.0438119633807594,5.302360622173848,96662.46784487212,12.0,41.66666666666667,0.7052243172325493,-278.12767959399036,-2.0438119633807594,-0.3410475417395316,0.8458661187612841,0.35900673400673405,0.359006734006734
regime_switcher,hybrid,25.0,10,50,20,1.5,-8.684820015467995,9.368186404469302,-0.4333742011515901,-0.5458281383434479,-0.24987104325995388,-2.340838510338461,5.157043453725666,91315.179984532,6.0,33.33333333333333,0.2667011001069804,-1447.4700025780012,-2.340838510338461,-0.9270545696363074,-0.6158518614709465,7.112095216933357,-0.05032787992072931,-0.0700025792220539,-0.05274062506326852,-0.3750963472505475,4.992223103199278,99384.14813852905,11.0,45.45454545454545,0.9382927535925862,-55.986532860996135,-0.3750963472505475,-0.08659218453721629,0.40539181742499353,0.6746632996632996,0.4053918174249935
regime_switcher,hybrid,25.0,10,50,20,2.0,-2.269475064164726,7.580608214670381,-0.12643240970322428,-0.17368514212421896,-0.07871591681159085,-0.5967145256072559,4.07619344515527,97730.52493583527,5.0,40.0,0.6835565904601071,-453.8950128329466,-0.5967145256072559,-0.2993790207720697,-2.320794909115313,4.7890159048047725,-0.4516934735871243,-0.5646166069738362,-0.29615761103450666,-1.4183035095732377,3.058707949619355,97679.20509088469,5.0,40.0,0.49324479656214637,-464.15898182306114,-1.4183035095732377,-0.484607893406009,0.6316642016281344,0.29165178685303733,0.2916517868530373
regime_switcher,hybrid,25.0,10,50,30,1.2,4.240193496640553,8.776924150063536,0.269480996800582,0.40087397609784275,0.12402592879576427,1.088566169681604,4.371989974226316,104240.19349664055,8.0,62.5,1.4715782668425437,530.0241870800699,1.088566169681604,0.4831070001453594,-11.612048578518968,11.723699300578428,-1.5716329815534504,-1.8153030575336615,-0.61703552115379,-7.233938907782733,4.706565005973564,88387.95142148103,7.0,14.285714285714285,0.059538231724622255,-1658.8640826455671,-7.233938907782733,-0.9904764938781779,0.8703348760908273,0.01831074132145283,0.018310741321452828
regime_switcher,hybrid,25.0,10,50,30,1.5,-5.243557308217292,8.77692415006347,-0.35153979366704946,-0.460774970412196,-0.1588714966261455,-1.3944030754947434,3.789742458666062,94756.44269178271,4.0,25.0,0.3693837003868429,-1310.8893270543235,-1.3944030754947434,-0.5974253871362638,-6.498803503443779,6.784754623632594,-0.9526217903211877,-1.1509009915308892,-0.590342946292041,-4.005332034383812,4.198039375350136,93501.19649655622,7.0,14.285714285714285,0.2350049421253203,-928.4005004919661,-4.005332034383812,-0.9578538744506997,0.43627719570841533,0.14437315272683962,0.14437315272683965
regime_switcher,hybrid,25.0,10,50,30,2.0,-4.256731095300522,7.826895635755216,-0.28209197548199894,-0.37132092083019747,-0.14407969768325624,-1.127696756998009,3.7681365834827187,95743.26890469948,4.0,25.0,0.4191258172208347,-1064.1827738251313,-1.127696756998009,-0.5438594422870174,-2.200564227808427,3.1401282896968197,-0.4040530766522815,-0.532686242593726,-0.42816887366617246,-1.3445051929667717,3.22167244129258,97799.43577219157,4.0,25.0,0.4785392128173374,-550.1410569521056,-1.3445051929667717,-0.7007880012510229,0.4857876035191324,0.25394047877109704,0.25394047877109704
regime_switcher,hybrid,25.0,10,80,15,1.2,-8.846518825265653,13.425472939334126,-0.3264747328820392,-0.435513982181554,-0.17771843556265582,-2.3859540474672314,6.7061761876625035,91153.48117473435,12.0,58.333333333333336,0.5170126005422422,-737.2099021054718,-2.3859540474672314,-0.6589353585710196,-2.7604630418129528,9.541354630999976,-0.268870339229294,-0.3699724702096682,-0.17696417263448563,-1.6884779280871287,5.724384485466887,97239.53695818705,11.0,45.45454545454545,0.750982820853522,-250.95118561936,-1.6884779280871287,-0.28931563164460683,0.6843434343434344,0.4175084175084175,0.4175084175084175
regime_switcher,hybrid,25.0,10,80,15,1.5,-1.906946518775425,7.844508412737062,-0.06044251229928631,-0.08598390404628448,-0.06382961378103132,-0.5007119422870576,5.657764808376452,98093.05348122458,10.0,60.0,0.8092752137191671,-190.69465187754327,-0.5007119422870576,-0.24309318295575186,-2.3047813520154303,8.463085546102455,-0.22491732420003893,-0.3110020215922704,-0.1664253812837037,-1.408472238846703,5.607947933825068,97695.21864798457,10.0,40.0,0.7666493539950349,-230.47813520154307,-1.408472238846703,-0.27233345798765585,0.9284511784511783,0.47222222222222227,0.4722222222222222
regime_switcher,hybrid,25.0,10,80,15,2.0,-3.4879745632921844,8.336106858792402,-0.15133981554553272,-0.212043625899265,-0.11052307801512919,-0.9213321886967663,5.216738746036044,96512.02543670782,7.0,57.14285714285714,0.6280268232753189,-498.2820804703125,-0.9213321886967663,-0.4184176885416587,-0.5194936289840989,4.789015904804794,-0.0771361026145056,-0.10565879583837558,-0.06605690608683629,-0.3163475738720556,3.3714497178304983,99480.5063710159,5.0,40.0,0.88862036024088,-103.89872579681935,-0.3163475738720556,-0.10847607093200375,0.7343663658824978,0.458012346904923,0.458012346904923
regime_switcher,hybrid,25.0,10,80,20,1.2,-0.8827107787485874,7.844508412737083,-0.014388041251515334,-0.020632477195368797,-0.029433339546284378,-0.2308900796857749,5.512076306156119,99117.28922125141,10.0,60.0,0.9123580191245682,-88.27107787485909,-0.2308900796857749,-0.11252595220821422,-3.337532155127876,9.786119958832163,-0.36291696439075943,-0.48470470022635687,-0.20884803905721386,-2.0438119633807594,5.302360622173848,96662.46784487212,12.0,41.66666666666667,0.7052243172325493,-278.12767959399036,-2.0438119633807594,-0.3410475417395316,0.9471801346801346,0.35900673400673405,0.3590067340067341
regime_switcher,hybrid,25.0,10,80,20,1.5,-12.461138793013452,17.30688496708216,-0.524353571170592,-0.675898595878084,-0.19704707902931737,-3.410271129859943,6.243830667087287,87538.86120698655,8.0,50.0,0.2696592374010821,-1557.6423491266821,-3.410271129859943,-0.7200104938996615,-0.6158518614709465,7.112095216933357,-0.05032787992072931,-0.0700025792220539,-0.05274062506326852,-0.3750963472505475,4.992223103199278,99384.14813852905,11.0,45.45454545454545,0.9382927535925862,-55.986532860996135,-0.3750963472505475,-0.08659218453721629,0.40109939899428043,0.6746632996632996,0.4010993989942805
regime_switcher,hybrid,25.0,10,80,20,2.0,-2.6868064508892275,8.073614421945862,-0.10981777597939131,-0.15417180899592514,-0.08763809594446346,-0.7075561953290954,5.223433267707854,97313.19354911077,7.0,57.14285714285714,0.7060864584345843,-383.82949298417464,-0.7075561953290954,-0.3327885517527188,-2.320794909115313,4.7890159048047725,-0.4516934735871243,-0.5646166069738362,-0.29615761103450666,-1.4183035095732377,3.058707949619355,97679.20509088469,5.0,40.0,0.49324479656214637,-464.15898182306114,-1.4183035095732377,-0.484607893406009,0.7572547925343139,0.29165178685303733,0.2916517868530374
regime_switcher,hybrid,25.0,10,80,30,1.2,3.7950643567638616,8.776924150063504,0.20520678096403625,0.3028227275153942,0.11118306100330815,0.9758452931979189,5.457448073823373,103795.06435676386,10.0,70.0,1.387589853102226,379.5064356763876,0.9758452931979189,0.4323911534243352,-11.612048578518968,11.723699300578428,-1.5716329815534504,-1.8153030575336615,-0.61703552115379,-7.233938907782733,4.706565005973564,88387.95142148103,7.0,14.285714285714285,0.059538231724622255,-1658.8640826455671,-7.233938907782733,-0.9904764938781779,0.9684343434343433,0.01831074132145283,0.018310741321452828
regime_switcher,hybrid,25.0,10,80,30,1.5,-5.648188692890675,11.78568563655238,-0.2779305377831888,-0.379874581933756,-0.12764257529429687,-1.5043552662585502,5.003077955414974,94351.81130710932,6.0,50.0,0.3936182276041338,-941.3647821484453,-1.5043552662585502,-0.47924141768835754,-6.498803503443779,6.784754623632594,-0.9526217903211877,-1.1509009915308892,-0.590342946292041,-4.005332034383812,4.198039375350136,93501.19649655622,7.0,14.285714285714285,0.2350049421253203,-928.4005004919661,-4.005332034383812,-0.9578538744506997,0.5869786628658632,0.14437315272683962,0.1443731527268396
regime_switcher,hybrid,25.0,10,80,30,2.0,-4.665576450503213,10.86699140009304,-0.224841049038997,-0.30821149295406397,-0.11391803844577046,-1.237946344105656,4.986740465150298,95334.42354949679,6.0,50.0,0.4400387512638487,-777.5960750838699,-1.237946344105656,-0.42933469612051667,-2.200564227808427,3.1401282896968197,-0.4040530766522815,-0.532686242593726,-0.42816887366617246,-1.3445051929667717,3.22167244129258,97799.43577219157,4.0,25.0,0.4785392128173374,-550.1410569521056,-1.3445051929667717,-0.7007880012510229,0.6215355849784883,0.25394047877109704,0.25394047877109704
regime_switcher,hybrid,25.0,20,50,15,1.2,-12.116710542014902,16.024657591291923,-0.48820852928065406,-0.6377780420664415,-0.20663986988673663,-3.31133315964407,6.467444317335973,87883.2894579851,11.0,45.45454545454545,0.39457973715907074,-1101.519140183172,-3.31133315964407,-0.756129138671851,-3.193489838079535,10.776052235106137,-0.23607524682537132,-0.3472074387264218,-0.1814244493012677,-1.9550393423958257,7.253000668780282,96806.51016192047,11.0,45.45454545454545,0.7109328910586629,-290.3172580072313,-1.9550393423958257,-0.2963506271504336,0.5037878787878788,0.4050925925925926,0.40509259259259267
regime_switcher,hybrid,25.0,20,50,15,1.5,-5.426100003983782,9.63156153947563,-0.24379255803225974,-0.33763162098608474,-0.14991993813641907,-1.4439631101552997,5.373559916818822,94573.89999601622,9.0,44.44444444444444,0.54293684497614,-602.9000004426415,-1.4439631101552997,-0.5633665923998441,-2.739837388531596,9.712500773386235,-0.20030238434426229,-0.29614675826111114,-0.17253979159527644,-1.675792859309022,7.161479244720908,97260.1626114684,10.0,40.0,0.7216840348948875,-273.9837388531588,-1.675792859309022,-0.282093917154599,0.7464492532430284,0.43623737373737376,0.4362373737373738
regime_switcher,hybrid,25.0,20,50,15,2.0,-6.950407616669603,11.088087057591157,-0.3581885121692979,-0.48559219820984867,-0.16780134172562317,-1.860595885434313,4.906814760122033,93049.5923833304,6.0,33.33333333333333,0.38082842652183696,-1158.4012694449307,-1.860595885434313,-0.6268355921602542,-2.2089114534833936,7.802087953480252,-0.2081109142384904,-0.3113066646143871,-0.17298287716595492,-1.349627622094851,5.741117758271056,97791.0885465166,5.0,40.0,0.518226844923271,-441.7822906966781,-1.349627622094851,-0.2831179892682537,0.510040609860396,0.3206681636062732,0.32066816360627315
regime_switcher,hybrid,25.0,20,50,20,1.2,-4.438609401826252,9.180411258253097,-0.200643019665352,-0.2797975715556806,-0.12817499347920466,-1.1766991531630078,5.220078833868626,95561.39059817375,9.0,44.44444444444444,0.6291945114297063,-493.17882242514133,-1.1766991531630078,-0.4834869895219549,-3.7679891490569863,10.437703255166053,-0.30289247214965764,-0.4395049676187729,-0.22125652264136025,-2.3094099266004475,6.924745705428245,96232.01085094301,12.0,41.66666666666667,0.6660996323833249,-313.99909575474965,-2.3094099266004475,-0.3609979185020471,0.7927654411949895,0.35290404040404033,0.35290404040404033
regime_switcher,hybrid,25.0,20,50,20,1.5,-15.60165361618287,19.789539885491582,-0.7086353205252522,-0.890341108452402,-0.21859728738363604,-4.3259397375387305,5.986209244793966,84398.34638381713,7.0,28.57142857142857,0.1660783151537123,-2228.8076594546974,-4.3259397375387305,-0.7883787953867992,-2.3036332918520346,9.370118666004611,-0.17388997846581117,-0.2554548718550986,-0.15024008551550103,-1.4077674296709253,6.8202710091133,97696.36670814797,11.0,45.45454545454545,0.7662312696123639,-209.42120835018738,-1.4077674296709253,-0.2458488919899983,0.21691185873105667,0.4941077441077441,0.21691185873105664
regime_switcher,hybrid,25.0,20,50,20,2.0,-6.177981942746599,10.833475302698803,-0.3137312017294804,-0.4262638616903449,-0.15219921935833597,-1.6488464840085704,4.914048123941155,93822.0180572534,6.0,33.33333333333333,0.4391869535173262,-1029.6636571244344,-1.6488464840085704,-0.5702677829715048,-3.979622313431188,7.610107404450728,-0.4164029352034481,-0.6049761809813418,-0.32064739729947844,-2.4401611324066153,5.56270620751217,96020.37768656881,5.0,40.0,0.11602085799659229,-795.9244626862355,-2.4401611324066153,-0.5229390469711017,0.5507916972573594,0.1986505793106147,0.1986505793106147
regime_switcher,hybrid,25.0,20,50,30,1.2,0.0713474419015838,8.776924150063481,0.02940956735218232,0.04225280712132651,0.002118782540399252,0.018596393647563048,5.162978116789503,100071.34744190158,9.0,55.55555555555556,1.0055372125257316,7.927493544620347,0.018596393647563048,0.008128980116692448,-12.005657522266498,12.116811041686127,-1.1683240713023695,-1.5577134223243736,-0.6177751190995646,-7.485464384384565,6.4794774872653145,87994.3424777335,7.0,14.285714285714285,0.02456339989133382,-1715.093931752358,-7.485464384384565,-0.9908265038517791,0.9009696389103469,0.012852731889096698,0.012852731889096747
regime_switcher,hybrid,25.0,20,50,30,1.5,-9.033122628714045,14.43410082010599,-0.5041104459289699,-0.6635011607641732,-0.16891193617199074,-2.438091916425822,4.678682151125566,90966.87737128595,5.0,20.0,0.2559542520397946,-1806.6245257428081,-2.438091916425822,-0.6258181747027395,-8.0866782915371,9.050735435260638,-0.7880528691257545,-1.0832254025399357,-0.5524825702145719,-5.0003735756048995,6.260839536170727,91913.3217084629,7.0,14.285714285714285,0.036435040140743946,-1155.239755933871,-5.0003735756048995,-0.8934830047105696,0.3507261538839842,0.0875042157380967,0.08750421573809669
regime_switcher,hybrid,25.0,20,50,30,2.0,-8.085762253555556,13.542988091052088,-0.4482142233189932,-0.591621581342215,-0.16054127277232436,-2.1742085452779336,4.661361125139445,91914.23774644444,5.0,20.0,0.277617511746377,-1617.1524507111126,-2.1742085452779336,-0.597044182509313,-3.861433437734886,6.2053814730564705,-0.3955535681271014,-0.5844337299713758,-0.3814637003868503,-2.367127779024125,5.653988779547321,96138.56656226511,4.0,25.0,0.07416066997948854,-965.3583594337231,-2.367127779024125,-0.6222717256789261,0.407270888069777,0.19657761380760505,0.19657761380760502
regime_switcher,hybrid,25.0,20,80,15,1.2,-15.609888322278348,16.343167014595117,-0.668516937013607,-0.8377156959757834,-0.264843010902324,-4.328373559824916,6.318307092171048,84390.11167772165,12.0,50.0,0.35364409922222995,-1300.8240268565303,-4.328373559824916,-0.9551323992674173,-2.590594271573951,10.776052235106093,-0.1834231907179151,-0.270382894710933,-0.14699609543472583,-1.5840376027612457,7.2694929247201046,97409.40572842605,11.0,45.45454545454545,0.766619096083453,-235.50857014308667,-1.5840376027612457,-0.2404029059115308,0.32765151515151514,0.46527777777777773,0.32765151515151514
regime_switcher,hybrid,25.0,20,80,15,1.5,-8.088845350165851,8.887475544522538,-0.4043808109028324,-0.5263466006786849,-0.2447336197968876,-2.1750640608673155,5.1134579386134575,91911.15464983415,10.0,50.0,0.4704778880068921,-808.8845350165873,-2.1750640608673155,-0.9101398152539624,-2.134116546637946,9.712500773386257,-0.14705770649722938,-0.2179304585283051,-0.13423262273192796,-1.3037344520975158,7.178141542796528,97865.88345336205,10.0,40.0,0.7842076000544572,-213.41165466379528,-1.3037344520975158,-0.21972884187414976,0.6193181818181819,0.49263468013468026,0.4926346801346802
regime_switcher,hybrid,25.0,20,80,15,2.0,-9.570235804925382,10.35599396920791,-0.5444037872407714,-0.6851179067218313,-0.2499621195271362,-2.5886062023534495,4.620311407163596,90429.76419507462,7.0,42.857142857142854,0.3475421910270544,-1367.1765435607713,-2.5886062023534495,-0.9241252779193508,-1.5998840892097217,7.802087953480241,-0.1416089519146813,-0.21259323375809047,-0.125137657092488,-0.9763350069280419,5.761845691526743,98400.11591079028,5.0,40.0,0.653218053716422,-319.976817841944,-0.9763350069280419,-0.20505845342285187,0.3956176514356204,0.3632255161776857,0.3632255161776857
regime_switcher,hybrid,25.0,20,80,20,1.2,-7.129157725419674,8.432610530461893,-0.36452162523894094,-0.4758385164966933,-0.22647585753905194,-1.9097827011791968,4.952031937223199,92870.84227458033,10.0,50.0,0.5364852048672196,-712.9157725419691,-1.9097827011791968,-0.8454271307403991,-3.168671472994669,10.43770325516602,-0.24756184238159545,-0.36011774309498634,-0.185840608457745,-1.9397491238414388,6.942075536513581,96831.32852700533,12.0,41.66666666666667,0.7205015454473221,-264.05595608288854,-1.9397491238414388,-0.30357937905797155,0.6752946127946128,0.4050925925925926,0.40509259259259267
regime_switcher,hybrid,25.0,20,80,20,1.5,-18.956312165005947,20.093769516013605,-0.9114480582131022,-1.09240154148564,-0.2653712026210245,-5.332307781654211,5.8242190381331005,81043.68783499405,8.0,37.5,0.17356067400025027,-2369.5390206257434,-5.332307781654211,-0.9433925351785702,-1.6951958401401062,9.370118666004611,-0.11803870483727187,-0.1738498014242461,-0.11042494254184958,-1.0346948153038715,6.83772703254409,98304.8041598599,11.0,45.45454545454545,0.8287630818340407,-154.10871274001124,-1.0346948153038715,-0.1809150876915129,0.10126301110226318,0.5345117845117845,0.10126301110226321
regime_switcher,hybrid,25.0,20,80,20,2.0,-8.819557916264486,10.099285762897381,-0.49684444901173497,-0.6267684270187068,-0.2355045337053041,-2.3784275843477642,4.6280894910418855,91180.44208373551,7.0,42.857142857142854,0.39086026205012414,-1259.9368451806424,-2.3784275843477642,-0.8732853117856768,-3.3816226550962893,7.610107404450828,-0.34694859414407603,-0.5060257909353011,-0.27213743270918095,-2.070995091688377,5.584305252220011,96618.37734490371,5.0,40.0,0.2535014383707207,-676.3245310192568,-2.070995091688377,-0.44435938619191134,0.4565360792935307,0.24894563234955686,0.24894563234955688
regime_switcher,hybrid,25.0,20,80,30,1.2,-2.746179536454176,8.776924150063515,-0.12384927957139955,-0.1661877519680252,-0.08241543314804937,-0.7233540055350596,4.892312650557535,97253.82046354582,10.0,60.0,0.8310676367105836,-274.61795364541786,-0.7233540055350596,-0.3128863243547915,-11.457642736187887,11.933949781560004,-1.1065413831060262,-1.479754937055307,-0.5979068021596038,-7.135389751025844,6.4988705272773135,88542.35726381211,7.0,14.285714285714285,0.0731976796025311,-1636.8061051696993,-7.135389751025844,-0.9600880635422069,0.898989898989899,0.03433263997772406,0.034332639977724067
regime_switcher,hybrid,25.0,20,80,30,1.5,-11.594311597206499,13.729558522928398,-0.7119790029443475,-0.8638205414144506,-0.23029278695417318,-3.161818295895602,4.376987077637964,88405.6884027935,6.0,33.33333333333333,0.2579597249554061,-1932.385266201085,-3.161818295895602,-0.8444781074237725,-7.514256725382642,9.050735435260693,-0.7252659909099317,-1.000047100919686,-0.5127644490047044,-4.640895368548803,6.280471276403145,92485.74327461736,7.0,14.285714285714285,0.10857666228913868,-1073.4652464832352,-4.640895368548803,-0.8302371425097573,0.2808564943398729,0.1121532905938986,0.11215329059389861
regime_switcher,hybrid,25.0,20,80,30,2.0,-10.673624325623285,12.831108447861816,-0.6532009311482236,-0.7942259682380894,-0.22600482695853935,-2.8998924444452623,4.358595602707172,89326.37567437672,6.0,33.33333333333333,0.27411156512326973,-1778.9373876038817,-2.8998924444452623,-0.831855203234756,-3.2626977178577508,6.205381473056537,-0.3273165098322934,-0.4854294056619585,-0.3219278925980905,-1.9976853803883254,5.6752257956645975,96737.30228214225,4.0,25.0,0.2210337017150751,-815.674429464436,-1.9976853803883254,-0.5257851966110746,0.32780174702117487,0.2287859973833941,0.22878599738339414
regime_switcher,hybrid,30.0,10,50,15,1.2,-5.854992407256039,10.503480344271177,-0.2414590361416078,-0.31800543315249974,-0.14858747025481506,-1.560685573226428,5.812240189493679,94145.00759274396,10.0,60.0,0.6404122670704248,-585.4992407256029,-1.560685573226428,-0.5574335568161917,0.09433829228334072,7.792251668565298,0.039163072188355054,0.05579329801301745,0.007363536559374801,0.05737853004132987,5.893754424929067,100094.33829228334,12.0,50.0,1.0101127503135587,7.861524356940777,0.05737853004132987,0.012106679339414892,0.8068181818181818,0.6965488215488215,0.6965488215488215
regime_switcher,hybrid,30.0,10,50,15,1.5,-11.619803253758743,12.363128609840057,-0.5302995029062845,-0.6729211874978586,-0.2563347140663637,-3.169099037169032,5.758377009183912,88380.19674624126,10.0,40.0,0.34604232538018065,-1161.9803253758746,-3.169099037169032,-0.9398756269922092,0.5667861719747307,7.664283121493842,0.08832899003801231,0.1266329346080754,0.04493743398895277,0.34441321684477444,5.78291973331576,100566.78617197473,12.0,50.0,1.0699774748324589,47.23218099789551,0.34441321684477444,0.0739516224792409,0.44760101010101006,0.7420033670033669,0.44760101010101006
regime_switcher,hybrid,30.0,10,50,15,2.0,-4.6236539781453025,7.460461941661,-0.30297809486994276,-0.40733150372949434,-0.16441682022111886,-1.2266254298285761,3.831032088135908,95376.3460218547,5.0,40.0,0.4862518144673741,-924.7307956290617,-1.2266254298285761,-0.619754381739516,2.736491863176052,2.630149114005109,0.4467275705728838,0.6699397125494083,0.6295801151782965,1.6558895821314312,3.8411693299231415,102736.49186317605,6.0,50.0,2.1251210931591804,456.08197719600713,1.6558895821314312,1.0404322129892505,0.5461030906891056,0.7361276427387499,0.5461030906891056
regime_switcher,hybrid,30.0,10,50,20,1.2,-6.2446534312412405,8.269109068060242,-0.3063737371643007,-0.3991430492320124,-0.20160244247690629,-1.6670725852288792,5.066411518037901,93755.34656875876,8.0,50.0,0.5451846023954424,-780.5816789051548,-1.6670725852288792,-0.7551785059120164,-0.8804141532887153,8.262010037260847,-0.07429263618773775,-0.1026680362725634,-0.06493728425517362,-0.5365124943087052,5.329918591863972,99119.58584671128,12.0,41.66666666666667,0.901274173205409,-73.36784610739346,-0.5365124943087052,-0.10656173852587139,0.6536922631192568,0.5938552188552189,0.5938552188552189
regime_switcher,hybrid,30.0,10,50,20,1.5,-11.005873764181116,11.66227558965166,-0.6024918476050393,-0.7505678134398115,-0.2567408677782073,-2.994182755155772,4.849152706613803,88994.12623581888,6.0,33.33333333333333,0.22270883200151914,-1834.3122940301841,-2.994182755155772,-0.9437158022527788,3.9199384780076945,6.487403860400931,0.4700081304218379,0.6952577778112782,0.3648067623130909,2.366648798130311,5.272057030394644,103919.9384780077,12.0,50.0,1.5122939843202654,326.6615398339775,2.366648798130311,0.6042383921764101,0.2883546944209142,0.9082491582491584,0.2883546944209142
regime_switcher,hybrid,30.0,10,50,20,2.0,-4.860723652350759,9.757620572680326,-0.25443425773097256,-0.32838392268087047,-0.13227540143856706,-1.2906931783365105,4.674474531241375,95139.27634764924,6.0,33.33333333333333,0.5025883439832053,-810.1206087251218,-1.2906931783365105,-0.49814640937770804,2.4751643493973097,2.6014346440711877,0.420254206481937,0.6095165085866164,0.5760317751879449,1.4985090160597458,3.7021179351268514,102475.16434939731,7.0,71.42857142857143,2.2670162556962374,353.5949070567591,1.4985090160597458,0.9514612850406775,0.600671028231243,0.7827841914921086,0.600671028231243
regime_switcher,hybrid,30.0,10,50,30,1.2,2.314027135378201,9.262664377596085,0.1436806118166896,0.19824365908426828,0.06458267860103564,0.5982076764875499,5.035566005523321,102314.0271353782,9.0,55.55555555555556,1.212982810284387,257.1141261531361,0.5982076764875499,0.2498230574968489,-9.596604430498395,11.456713336561453,-1.1666037793709825,-1.422419972605545,-0.5195934150431629,-5.952832807714515,5.146682141458522,90403.3955695016,7.0,28.57142857142857,0.22077651304560705,-1370.9434900712008,-5.952832807714515,-0.8376402680752297,0.8997718064633135,0.07641213205298585,0.0764121320529858
regime_switcher,hybrid,30.0,10,50,30,1.5,-5.132032648562338,8.984636958121728,-0.3349211766264086,-0.43032048854000454,-0.15183240559781036,-1.3641590427746153,3.875971296600036,94867.96735143766,5.0,40.0,0.4631815412105355,-1026.406529712467,-1.3641590427746153,-0.5712008924215017,-5.490103964798633,7.434706799888247,-0.6955026229566094,-0.8829180562082031,-0.4541761858509325,-3.3766667772932357,4.774523117744529,94509.89603520137,8.0,37.5,0.4217456886032716,-686.2629955998292,-3.3766667772932357,-0.7384425657352294,0.5203603564413629,0.2269947795340696,0.22699477953406957
regime_switcher,hybrid,30.0,10,50,30,2.0,-3.731916897723684,7.330076115215833,-0.2626711123352673,-0.3516362826407371,-0.13460759138076506,-0.9866838905068787,3.5365865041993114,96268.08310227632,5.0,40.0,0.540455921498554,-746.3833795447387,-0.9866838905068787,-0.5091238943586056,-3.9625187063691705,4.485385719830526,-0.642131023800981,-0.8354979781119068,-0.5416680178188807,-2.4295899920137143,3.722400910848252,96037.48129363083,4.0,25.0,0.3368570501841561,-990.6296765922909,-2.4295899920137143,-0.8834287514784546,0.5830059698419389,0.17541590724334696,0.175415907243347
regime_switcher,hybrid,30.0,10,80,15,1.2,-9.361290334732724,13.836651899609652,-0.40010519128564376,-0.5186126645516931,-0.18284592659351184,-2.529975437536003,5.958933855813999,90638.70966526728,10.0,60.0,0.5213950822731831,-936.1290334732735,-2.529975437536003,-0.6765574795588242,0.09433829228334072,7.792251668565298,0.039163072188355054,0.05579329801301745,0.007363536559374801,0.05737853004132987,5.893754424929067,100094.33829228334,12.0,50.0,1.0101127503135587,7.861524356940777,0.05737853004132987,0.012106679339414892,0.643939393939394,0.6965488215488215,0.643939393939394
regime_switcher,hybrid,30.0,10,80,15,1.5,-14.911398937959545,15.627040190314922,-0.6831495221148971,-0.855274776307246,-0.2638088525527385,-4.122551541402508,5.905657240727669,85088.60106204046,10.0,40.0,0.2860752665216801,-1491.1398937959543,-4.122551541402508,-0.9542049394101574,0.5667861719747307,7.664283121493842,0.08832899003801231,0.1266329346080754,0.04493743398895277,0.34441321684477444,5.78291973331576,100566.78617197473,12.0,50.0,1.0699774748324589,47.23218099789551,0.34441321684477444,0.0739516224792409,0.3053451178451178,0.7420033670033669,0.30534511784511775
regime_switcher,hybrid,30.0,10,80,15,2.0,-4.6236539781453025,7.460461941661,-0.30297809486994276,-0.40733150372949434,-0.16441682022111886,-1.2266254298285761,3.831032088135908,95376.3460218547,5.0,40.0,0.4862518144673741,-924.7307956290617,-1.2266254298285761,-0.619754381739516,2.736491863176052,2.630149114005109,0.4467275705728838,0.6699397125494083,0.6295801151782965,1.6558895821314312,3.8411693299231415,102736.49186317605,6.0,50.0,2.1251210931591804,456.08197719600713,1.6558895821314312,1.0404322129892505,0.5461030906891056,0.7361276427387499,0.5461030906891056
regime_switcher,hybrid,30.0,10,80,20,1.2,-9.736438983863918,11.685496627893354,-0.48395310454829854,-0.6183207893968087,-0.2255201456993933,-2.6353149020922784,5.233973835993922,90263.56101613608,8.0,50.0,0.4279370074020264,-1217.0548729829893,-2.6353149020922784,-0.8332071193810434,-0.8804141532887153,8.262010037260847,-0.07429263618773775,-0.1026680362725634,-0.06493728425517362,-0.5365124943087052,5.329918591863972,99119.58584671128,12.0,41.66666666666667,0.901274173205409,-73.36784610739346,-0.5365124943087052,-0.10656173852587139,0.512149913028361,0.5938552188552189,0.5121499130283609
regime_switcher,hybrid,30.0,10,80,20,1.5,-14.320334385694732,14.952289451649413,-0.7768616550019027,-0.9517924521398834,-0.2641306268210176,-3.9493575852734497,5.023233422143191,85679.66561430527,6.0,33.33333333333333,0.17850176121267655,-2386.7223976157875,-3.9493575852734497,-0.957735230581363,3.9199384780076945,6.487403860400931,0.4700081304218379,0.6952577778112782,0.3648067623130909,2.366648798130311,5.272057030394644,103919.9384780077,12.0,50.0,1.5122939843202654,326.6615398339775,2.366648798130311,0.6042383921764101,0.16773147572590205,0.9082491582491584,0.16773147572590202
regime_switcher,hybrid,30.0,10,80,20,2.0,-8.40405171625015,13.118570622473037,-0.4469164504786034,-0.5645526426193784,-0.1724762253068929,-2.2626415423860458,4.855782130138702,91595.94828374985,6.0,33.33333333333333,0.3637745117499014,-1400.6752860416918,-2.2626415423860458,-0.640622515829081,2.4751643493973097,2.6014346440711877,0.420254206481937,0.6095165085866164,0.5760317751879449,1.4985090160597458,3.7021179351268514,102475.16434939731,7.0,71.42857142857143,2.2670162556962374,353.5949070567591,1.4985090160597458,0.9514612850406775,0.4663554441708511,0.7827841914921086,0.4663554441708512
regime_switcher,hybrid,30.0,10,80,30,1.2,-1.496514394858168,12.642048372272285,-0.04942450650599804,-0.06647469572690887,-0.03103451873981229,-0.39233988711889767,5.205297329820742,98503.48560514183,9.0,55.55555555555556,0.8953542398681853,-166.27937720646128,-0.39233988711889767,-0.11837594278949783,-9.596604430498395,11.456713336561453,-1.1666037793709825,-1.422419972605545,-0.5195934150431629,-5.952832807714515,5.146682141458522,90403.3955695016,7.0,28.57142857142857,0.22077651304560705,-1370.9434900712008,-5.952832807714515,-0.8376402680752297,0.8494628436879074,0.07641213205298585,0.0764121320529858
regime_switcher,hybrid,30.0,10,80,30,1.5,-8.66525619183507,12.374375691616525,-0.5568226524264792,-0.6947736161422168,-0.1887274217342957,-2.3353840198503284,4.092734578158491,91334.74380816493,5.0,40.0,0.3357205446725396,-1733.051238367012,-2.3353840198503284,-0.7002580500045482,-5.490103964798633,7.434706799888247,-0.6955026229566094,-0.8829180562082031,-0.4541761858509325,-3.3766667772932357,4.774523117744529,94509.89603520137,8.0,37.5,0.4217456886032716,-686.2629955998292,-3.3766667772932357,-0.7384425657352294,0.3679871780038579,0.2269947795340696,0.2269947795340696
regime_switcher,hybrid,30.0,10,80,30,2.0,-3.731916897723684,7.330076115215833,-0.2626711123352673,-0.3516362826407371,-0.13460759138076506,-0.9866838905068787,3.5365865041993114,96268.08310227632,5.0,40.0,0.540455921498554,-746.3833795447387,-0.9866838905068787,-0.5091238943586056,-3.9625187063691705,4.485385719830526,-0.642131023800981,-0.8354979781119068,-0.5416680178188807,-2.4295899920137143,3.722400910848252,96037.48129363083,4.0,25.0,0.3368570501841561,-990.6296765922909,-2.4295899920137143,-0.8834287514784546,0.5830059698419389,0.17541590724334696,0.175415907243347
regime_switcher,hybrid,30.0,20,50,15,1.2,-13.15623080039375,17.351175151104194,-0.5234546990253468,-0.6810852227521834,-0.20810221619399313,-3.610818002514926,6.606911076782657,86843.76919960625,11.0,54.54545454545454,0.42776024049452377,-1196.020981853978,-3.610818002514926,-0.7582328393219242,0.09433829228334072,7.792251668565298,0.039163072188355054,0.05579329801301745,0.007363536559374801,0.05737853004132987,5.893754424929067,100094.33829228334,12.0,50.0,1.0101127503135587,7.861524356940777,0.05737853004132987,0.012106679339414892,0.4663299663299664,0.6965488215488215,0.46632996632996637
regime_switcher,hybrid,30.0,20,50,15,1.5,-18.473962621062864,21.284610596595478,-0.7789785631915153,-0.9849773658999463,-0.24363772350404145,-5.18573407142452,6.55815890464632,81526.03737893714,11.0,36.36363636363637,0.23854126831475728,-1679.4511473693497,-5.18573407142452,-0.867949288394208,0.5667861719747307,7.664283121493842,0.08832899003801231,0.1266329346080754,0.04493743398895277,0.34441321684477444,5.78291973331576,100566.78617197473,12.0,50.0,1.0699774748324589,47.23218099789551,0.34441321684477444,0.0739516224792409,0.20328282828282826,0.7420033670033669,0.2032828282828283
regime_switcher,hybrid,30.0,20,50,15,2.0,-8.616953930471528,13.031165754684004,-0.46778537386135743,-0.6254344628793981,-0.17818212528520821,-2.3219208091134202,4.777697652122302,91383.04606952847,6.0,33.33333333333333,0.3306283119516024,-1436.1589884119235,-2.3219208091134202,-0.661257334354311,2.736491863176052,2.630149114005109,0.4467275705728838,0.6699397125494083,0.6295801151782965,1.6558895821314312,3.8411693299231415,102736.49186317605,6.0,50.0,2.1251210931591804,456.08197719600713,1.6558895821314312,1.0404322129892505,0.43831869604174006,0.7361276427387499,0.4383186960417401
regime_switcher,hybrid,30.0,20,50,20,1.2,-13.515672399033138,18.137119427671177,-0.6051150825608755,-0.7792001208723109,-0.20482797035692307,-3.7149893604910056,5.9612068347948926,86484.32760096686,9.0,44.44444444444444,0.3432771018719711,-1501.741377670348,-3.7149893604910056,-0.7451939903098803,-0.8804141532887153,8.262010037260847,-0.07429263618773775,-0.1026680362725634,-0.06493728425517362,-0.5365124943087052,5.329918591863972,99119.58584671128,12.0,41.66666666666667,0.901274173205409,-73.36784610739346,-0.5365124943087052,-0.10656173852587139,0.37072914235686116,0.5938552188552189,0.37072914235686116
regime_switcher,hybrid,30.0,20,50,20,1.5,-17.907645274439957,21.165263849872062,-0.861542104408381,-1.0742924428892564,-0.23691935494565544,-5.014460658566289,5.776358094709679,82092.35472556004,7.0,28.57142857142857,0.14620153437588687,-2558.235039205708,-5.014460658566289,-0.8460865596319133,3.9199384780076945,6.487403860400931,0.4700081304218379,0.6952577778112782,0.3648067623130909,2.366648798130311,5.272057030394644,103919.9384780077,12.0,50.0,1.5122939843202654,326.6615398339775,2.366648798130311,0.6042383921764101,0.13416139314372172,0.9082491582491584,0.13416139314372166
regime_switcher,hybrid,30.0,20,50,20,2.0,-12.23907068238838,16.92873524099746,-0.5760301929664795,-0.7361086089302019,-0.19767859313344383,-3.346448565968929,5.632251976474706,87760.92931761162,7.0,28.57142857142857,0.2770518550856783,-1748.438668912624,-3.346448565968929,-0.7229760822738959,2.4751643493973097,2.6014346440711877,0.420254206481937,0.6095165085866164,0.5760317751879449,1.4985090160597458,3.7021179351268514,102475.16434939731,7.0,71.42857142857143,2.2670162556962374,353.5949070567591,1.4985090160597458,0.9514612850406775,0.3278326955821651,0.7827841914921086,0.32783269558216516
regime_switcher,hybrid,30.0,20,50,30,1.2,-5.620744151792343,16.47311076182394,-0.22426286123378855,-0.30054101805020356,-0.090868486147574,-1.496886637068251,5.937173562148002,94379.25584820766,10.0,50.0,0.688074764695911,-562.0744151792339,-1.496886637068251,-0.3412072093158197,-9.596604430498395,11.456713336561453,-1.1666037793709825,-1.422419972605545,-0.5195934150431629,-5.952832807714515,5.146682141458522,90403.3955695016,7.0,28.57142857142857,0.22077651304560705,-1370.9434900712008,-5.952832807714515,-0.8376402680752297,0.7699915824915826,0.07641213205298585,0.0764121320529858
regime_switcher,hybrid,30.0,20,50,30,1.5,-12.489338821413869,18.015654117645184,-0.6720624416731452,-0.8542299247727897,-0.18974522832596707,-3.4183844039942346,4.989336398691494,87510.66117858613,6.0,33.33333333333333,0.257292014246747,-2081.556470235646,-3.4183844039942346,-0.6932492564442252,-5.490103964798633,7.434706799888247,-0.6955026229566094,-0.8829180562082031,-0.4541761858509325,-3.3766667772932357,4.774523117744529,94509.89603520137,8.0,37.5,0.4217456886032716,-686.2629955998292,-3.3766667772932357,-0.7384425657352294,0.2759663638522373,0.2269947795340696,0.22699477953406957
regime_switcher,hybrid,30.0,20,50,30,2.0,-7.762552875063062,12.33170883185074,-0.4407284616094618,-0.5874328942752779,-0.16904712912866682,-2.0846399752749933,4.545150958842569,92237.44712493694,6.0,33.33333333333333,0.3582833723442289,-1293.7588125105103,-2.0846399752749933,-0.6294790917389882,-3.9625187063691705,4.485385719830526,-0.642131023800981,-0.8354979781119068,-0.5416680178188807,-2.4295899920137143,3.722400910848252,96037.48129363083,4.0,25.0,0.3368570501841561,-990.6296765922909,-2.4295899920137143,-0.8834287514784546,0.47841776604035213,0.17541590724334696,0.175415907243347
regime_switcher,hybrid,30.0,20,80,15,1.2,-17.226883864521223,18.459410564718148,-0.7380413687368181,-0.920616000560775,-0.2605569525552982,-4.809727762710036,6.399322623771002,82773.11613547878,11.0,54.54545454545454,0.35483978251394704,-1566.0803513201126,-4.809727762710036,-0.9332304411413506,0.09433829228334072,7.792251668565298,0.039163072188355054,0.05579329801301745,0.007363536559374801,0.05737853004132987,5.893754424929067,100094.33829228334,12.0,50.0,1.0101127503135587,7.861524356940777,0.05737853004132987,0.012106679339414892,0.2748316498316498,0.6965488215488215,0.27483164983164976
regime_switcher,hybrid,30.0,20,80,15,1.5,-22.295356106414314,22.34010270181004,-1.003959619179605,-1.2167471881256025,-0.2849160885928222,-6.365054680561655,6.348075418593925,77704.64389358569,11.0,36.36363636363637,0.20034530132076003,-2026.8505551285743,-6.365054680561655,-0.9979970282145525,0.5667861719747307,7.664283121493842,0.08832899003801231,0.1266329346080754,0.04493743398895277,0.34441321684477444,5.78291973331576,100566.78617197473,12.0,50.0,1.0699774748324589,47.23218099789551,0.34441321684477444,0.0739516224792409,0.06439393939393939,0.7420033670033669,0.06439393939393934
regime_switcher,hybrid,30.0,20,80,15,2.0,-11.848859212099779,13.161466973490255,-0.7262108663624137,-0.892927217329059,-0.2457621242270604,-3.2345900813492645,4.393764859652893,88151.14078790022,6.0,33.33333333333333,0.25981757204435807,-1974.8098686832986,-3.2345900813492645,-0.9002688861329575,2.736491863176052,2.630149114005109,0.4467275705728838,0.6699397125494083,0.6295801151782965,1.6558895821314312,3.8411693299231415,102736.49186317605,6.0,50.0,2.1251210931591804,456.08197719600713,1.6558895821314312,1.0404322129892505,0.26194798978768186,0.7361276427387499,0.26194798978768186
regime_switcher,hybrid,30.0,20,80,20,1.2,-17.569477253342423,19.234816139954468,-0.8501929702413843,-1.0394606235226533,-0.255401631020115,-4.912603414516403,5.730184223551184,82430.52274665757,9.0,44.44444444444444,0.2799328272720285,-1952.16413926027,-4.912603414516403,-0.9134205976030719,-0.8804141532887153,8.262010037260847,-0.07429263618773775,-0.1026680362725634,-0.06493728425517362,-0.5365124943087052,5.329918591863972,99119.58584671128,12.0,41.66666666666667,0.901274173205409,-73.36784610739346,-0.5365124943087052,-0.10656173852587139,0.19424849516059553,0.5938552188552189,0.1942484951605955
regime_switcher,hybrid,30.0,20,80,20,1.5,-21.755583916266637,22.22235627174516,-1.1272131316093057,-1.3307810596394645,-0.2788143403050679,-6.195911603930815,5.536771807186229,78244.41608373336,7.0,28.57142857142857,0.12182213746326506,-3107.9405594666628,-6.195911603930815,-0.9789953707081906,3.9199384780076945,6.487403860400931,0.4700081304218379,0.6952577778112782,0.3648067623130909,2.366648798130311,5.272057030394644,103919.9384780077,12.0,50.0,1.5122939843202654,326.6615398339775,2.366648798130311,0.6042383921764101,0.04155129761406605,0.9082491582491584,0.04155129761406606
regime_switcher,hybrid,30.0,20,80,20,2.0,-16.352714057496836,18.04263513767399,-0.836937077339014,-1.0092161161305346,-0.25210544781395894,-4.548646611127172,5.387374384502384,83647.28594250316,7.0,28.57142857142857,0.21831491305953366,-2336.1020082138343,-4.548646611127172,-0.9063373466634866,2.4751643493973097,2.6014346440711877,0.420254206481937,0.6095165085866164,0.5760317751879449,1.4985090160597458,3.7021179351268514,102475.16434939731,7.0,71.42857142857143,2.2670162556962374,353.5949070567591,1.4985090160597458,0.9514612850406775,0.16092324584430664,0.7827841914921086,0.16092324584430662
regime_switcher,hybrid,30.0,20,80,30,1.2,-10.044610256976565,17.593120112374184,-0.45492090327757095,-0.5781447312186205,-0.15472468335727138,-2.722089938653538,5.706560615344792,89955.38974302344,10.0,50.0,0.5436023197122785,-1004.4610256976564,-2.722089938653538,-0.5709396737371021,-9.596604430498395,11.456713336561453,-1.1666037793709825,-1.422419972605545,-0.5195934150431629,-5.952832807714515,5.146682141458522,90403.3955695016,7.0,28.57142857142857,0.22077651304560705,-1370.9434900712008,-5.952832807714515,-0.8376402680752297,0.6037457912457912,0.07641213205298585,0.0764121320529858
regime_switcher,hybrid,30.0,20,80,30,1.5,-16.591251305793325,19.114979554333665,-0.9801771419649696,-1.1564707414988882,-0.2416789242337373,-4.619687695441243,4.711078828290277,83408.74869420668,6.0,33.33333333333333,0.20468757283568095,-2765.2085509655567,-4.619687695441243,-0.8679711771929062,-5.490103964798633,7.434706799888247,-0.6955026229566094,-0.8829180562082031,-0.4541761858509325,-3.3766667772932357,4.774523117744529,94509.89603520137,8.0,37.5,0.4217456886032716,-686.2629955998292,-3.3766667772932357,-0.7384425657352294,0.12991446662151984,0.2269947795340696,0.12991446662151984
regime_switcher,hybrid,30.0,20,80,30,2.0,-11.024675395034457,12.463058013301831,-0.7147692819961993,-0.8677401685828676,-0.24067338145484454,-2.9995263153292484,4.139853470669841,88975.32460496554,6.0,33.33333333333333,0.2800987115191472,-1837.44589917241,-2.9995263153292484,-0.8845883075620616,-3.9625187063691705,4.485385719830526,-0.642131023800981,-0.8354979781119068,-0.5416680178188807,-2.4295899920137143,3.722400910848252,96037.48129363083,4.0,25.0,0.3368570501841561,-990.6296765922909,-2.4295899920137143,-0.8834287514784546,0.2903107466159684,0.17541590724334696,0.17541590724334694
