strategy,category,param_window,param_z_entry,param_z_exit,is_total_return_pct,is_max_drawdown_pct,is_sharpe_ratio,is_sortino_ratio,is_calmar_ratio,is_annualized_return_pct,is_annualized_volatility_pct,is_final_value,is_total_trades,is_win_rate_pct,is_profit_factor,is_expectancy,is_cagr_pct,is_recovery_factor,oos_total_return_pct,oos_max_drawdown_pct,oos_sharpe_ratio,oos_sortino_ratio,oos_calmar_ratio,oos_annualized_return_pct,oos_annualized_volatility_pct,oos_final_value,oos_total_trades,oos_win_rate_pct,oos_profit_factor,oos_expectancy,oos_cagr_pct,oos_recovery_factor,is_composite,oos_composite,robust_score
zscore_reversion,mean_reversion,10,1.5,0.0,21.525198791900156,15.746017908134524,0.39692908310900515,0.5890732308954145,0.33113430246184206,5.214046656561799,16.03924337953834,121525.19879190015,66.0,66.66666666666666,1.2857357977909791,326.1393756348498,5.214046656561799,1.3670249149646945,-12.350461335974934,25.991448598733292,-0.4450695104563022,-0.6268191088507201,-0.29648845893323483,-7.70616454048082,15.366996417240985,87649.53866402507,24.0,50.0,0.6626161220762605,-514.6025556656218,-7.70616454048082,-0.4751740284524519,0.25370670995671,0.13568134763786935,0.13568134763786938
zscore_reversion,mean_reversion,10,1.5,0.5,21.920161897142854,16.493325837859075,0.4289167577760727,0.6426686458105099,0.3215295280655398,5.303091272878002,14.488466056501908,121920.16189714285,74.0,66.21621621621621,1.3303814470174775,296.2184040154434,5.303091272878002,1.3290322468999505,-18.80876368114597,26.884434116676204,-0.8222588679392674,-1.134984385443786,-0.44282022268316246,-11.904971102257367,14.189589480936027,81191.23631885403,26.0,42.30769230769231,0.49132479021268594,-723.4139877363835,-11.904971102257367,-0.6996153833671002,0.2573268398268398,0.05182453416149069,0.05182453416149069
zscore_reversion,mean_reversion,10,1.5,1.0,-2.0631337476398475,15.141320608956544,0.018808539467546587,0.027243569806753194,-0.03579874466526092,-0.5420402703748883,12.487522056168118,97936.86625236015,84.0,63.095238095238095,0.9714362821476525,-24.561116043332277,-0.5420402703748883,-0.13625850749236776,-6.721048871935185,12.088865506013901,-0.33209084181176657,-0.48970650329491633,-0.3428114447839493,-4.1442014499154745,10.946711359421792,93278.95112806481,34.0,55.88235294117647,0.7511568680626032,-197.67790799809268,-4.1442014499154745,-0.5559701916272983,0.08193181818181818,0.17740683229813664,0.08193181818181816
zscore_reversion,mean_reversion,10,2.0,0.0,-4.095761335705975,23.937903098604195,-0.027808132969884873,-0.039895518054255036,-0.045299916010978464,-1.0843849998457111,12.251711848627757,95904.23866429403,34.0,67.64705882352942,0.917606196836858,-120.46356869723422,-1.0843849998457111,-0.17109941997988937,-8.228966355735567,19.189708706145424,-0.3520562185554044,-0.5049883183861852,-0.265239346183731,-5.0898657906742635,12.59153216455787,91771.03364426443,14.0,42.857142857142854,0.6565351458623583,-587.7833111239679,-5.0898657906742635,-0.42882184830144265,0.04866883116883117,0.15066817240730285,0.04866883116883117
zscore_reversion,mean_reversion,10,2.0,0.5,4.041468311123797,21.32807587630847,0.14862125388000294,0.2175191638073778,0.04868168550056161,1.038286682142564,11.050383207263913,104041.4683111238,36.0,58.333333333333336,1.0937378318654245,112.2630086423294,1.038286682142564,0.1894905257540422,-10.605882370065855,21.003717939228196,-0.5478113030818376,-0.7818877932940798,-0.31389493796975443,-6.592960739668252,11.289018682879703,89394.11762993415,14.0,35.714285714285715,0.5208719500269751,-757.5630264332735,-6.592960739668252,-0.5049526184246397,0.11275974025974027,0.10353143233578016,0.10353143233578016
zscore_reversion,mean_reversion,10,2.0,1.0,-7.5757061266747625,20.907841079299594,-0.1771812913744371,-0.24999173746043896,-0.09723463726194444,-2.032966343276077,9.203114657018684,92424.29387332524,39.0,56.41025641025641,0.8380004321612711,-194.24887504294247,-2.032966343276077,-0.36233803853499286,-7.788858761075666,15.012866316936702,-0.5484130810625932,-0.7727828820780002,-0.32060734093830334,-4.813235149735295,8.358510661980745,92211.14123892433,16.0,50.0,0.5443376550391561,-486.80367256722957,-4.813235149735295,-0.5188122372267245,0.02731060606060606,0.12601755128929043,0.027310606060606063
zscore_reversion,mean_reversion,10,2.5,0.0,8.644629516016385,4.19077066522624,0.5403860897034489,0.9467991690005738,0.5214242048007952,2.1851692616180918,4.159163586873223,108644.62951601639,5.0,80.0,6.393069730400697,1728.9259032032762,2.1851692616180918,2.0627779963592214,1.4087066509799333,3.326337066855989,0.23470376247503624,0.4039544765717507,0.25692357586890746,0.8546144137619338,3.956552866254099,101408.70665097993,1.0,100.0,inf,1408.7066509799279,0.8546144137619338,0.4235008727817908,0.28189952079949737,0.12739803668806052,0.12739803668806055
zscore_reversion,mean_reversion,10,2.5,0.5,10.727694131122728,4.19077066522624,0.7265849410012881,1.5541829273378303,0.6424556964570256,2.6923844864195967,3.752428366397965,110727.69413112273,5.0,100.0,inf,2145.538826224544,2.6923844864195967,2.559838031734335,-1.1722344350242493,3.326337066855989,-0.18899048227056525,-0.2858839235849942,-0.2148775857155775,-0.7147552782022504,3.4773980005541736,98827.76556497575,1.0,0.0,0.0,-1172.2344350242545,-0.7147552782022504,-0.3524099967813034,0.33016491548503374,0.07456227984542625,0.07456227984542624
zscore_reversion,mean_reversion,10,2.5,1.0,8.542461941073139,1.5686769634322362,0.7956291711995732,2.306339962019531,1.377025178997652,2.160107676359768,2.7323882667057373,108542.46194107314,5.0,100.0,inf,1708.4923882146304,2.160107676359768,5.445647599989223,-0.1915670868974994,2.4691288811649392,-0.039467075408122075,-0.06506681879141332,-0.0472151953242965,-0.11658040240506429,2.293949925665467,99808.4329131025,1.0,0.0,0.0,-191.5670868975012,-0.11658040240506429,-0.07758488767387377,0.418409775556001,0.09883977676297977,0.09883977676297975
zscore_reversion,mean_reversion,10,3.0,0.0,0.0,0.0,,,,0.0,0.0,100000.0,0.0,,,,0.0,,0.0,0.0,,,,0.0,0.0,100000.0,0.0,,,,0.0,,0.0,0.0,0.0
zscore_reversion,mean_reversion,10,3.0,0.5,0.0,0.0,,,,0.0,0.0,100000.0,0.0,,,,0.0,,0.0,0.0,,,,0.0,0.0,100000.0,0.0,,,,0.0,,0.0,0.0,0.0
zscore_reversion,mean_reversion,10,3.0,1.0,0.0,0.0,,,,0.0,0.0,100000.0,0.0,,,,0.0,,0.0,0.0,,,,0.0,0.0,100000.0,0.0,,,,0.0,,0.0,0.0,0.0
zscore_reversion,mean_reversion,20,1.5,0.0,54.11798861542625,12.276810463840471,0.7983639303673772,1.2209245501228008,0.9723710016656972,11.937614487984472,15.658680347771433,154117.98861542623,37.0,72.97297297297297,2.5429497383566684,1462.64834095747,11.937614487984472,4.408147276918771,21.089800891105043,9.437420305761957,0.8312869472101483,1.3062150412558238,1.3081824379320435,12.345867503381047,15.43193418713451,121089.80089110504,15.0,73.33333333333333,2.256915169704739,1405.9867260736683,12.345867503381047,2.2346997598728118,0.5021212121212122,0.6336168360624882,0.5021212121212122
zscore_reversion,mean_reversion,20,1.5,0.5,16.560159328921685,17.538071671791332,0.3545593055659743,0.5200027490010318,0.2324083716610181,4.0759946793152535,14.04715033241471,116560.15932892168,40.0,65.0,1.418018493877418,414.0039832230432,4.0759946793152535,0.9442406006104682,-0.08128019788379606,12.166349945209,0.06487229064030084,0.09440844520814314,-0.004064762835290605,-0.049453327098425426,13.725563937256272,99918.7198021162,15.0,66.66666666666666,0.9959088759183147,-5.418679858921678,-0.049453327098425426,-0.006680738121938,0.20400974025974025,0.2906667607754564,0.20400974025974028
zscore_reversion,mean_reversion,20,1.5,1.0,14.981855041770775,14.467428105427448,0.3600570927395021,0.5359387285365839,0.25621187377791077,3.7067268636387762,12.157290587574062,114981.85504177077,49.0,71.42857142857143,1.305156179004948,305.75214370960896,3.7067268636387762,1.0355575941068849,-12.937475250801727,17.895313828597747,-0.6550564878264392,-0.8862923177993393,-0.45166467422865225,-8.082681090613097,11.801272177507379,87062.52474919827,17.0,47.05882352941176,0.4533097472047871,-761.0279559295133,-8.082681090613097,-0.722953247689174,0.22433441558441558,0.06424101261057784,0.06424101261057785
zscore_reversion,mean_reversion,20,2.0,0.0,58.76517789824922,12.276810463840327,0.9546341556303879,1.5334375519117975,1.0432648197794274,12.807964456024568,13.588687458845463,158765.17789824924,27.0,77.77777777777779,3.7651571757042657,2176.488070305526,12.807964456024568,4.786681204481738,18.13535624855751,9.437420305761979,0.8687532040836725,1.3976141765363694,1.1306377875536742,10.670304014720845,12.577152630606465,118135.35624855751,10.0,70.0,2.994076255952224,1813.53562485575,10.670304014720845,1.9216433793337615,0.5802976190476191,0.6281673489553925,0.5802976190476192
zscore_reversion,mean_reversion,20,2.0,0.5,35.160682231298225,13.247636411247822,0.7319558030041757,1.155797652979729,0.6168591648330164,8.171925932653789,11.657124052022134,135160.68223129824,27.0,74.07407407407408,2.30942969947683,1302.2474900480843,8.171925932653789,2.654109845696344,4.221797231603109,9.437420305761979,0.2834488023160846,0.4208076435859281,0.26992885496757696,2.5474320569820907,11.005069681812982,104221.79723160311,10.0,70.0,1.352320062220711,422.17972316031,2.5474320569820907,0.44734653060068835,0.42326839826839835,0.4166049077733861,0.4166049077733861
zscore_reversion,mean_reversion,20,2.0,1.0,19.93729752975107,14.67916147900028,0.5508112819788923,0.8651177912467019,0.33066462372055355,4.853879406986872,9.405066274382612,119937.29752975107,28.0,67.85714285714286,1.6795778035808204,712.0463403482529,4.853879406986872,1.3582041152877142,-3.354475930881003,9.662667332493392,-0.18694265304450022,-0.26546535429210366,-0.21259737801839346,-2.054257739552079,8.959594926021678,96645.524069119,10.0,50.0,0.7109130627221867,-335.44759308810103,-2.054257739552079,-0.34715837930181553,0.29855519480519477,0.22810794278185584,0.22810794278185587
zscore_reversion,mean_reversion,20,2.5,0.0,32.35349912812159,7.575633860245434,0.9711627175159769,1.6018081324452254,1.0007929724103186,7.581641128887284,7.84074982918387,132353.4991281216,10.0,80.0,10.20890753228609,3235.34991281216,7.581641128887284,4.2707316278711245,17.018185229733323,3.326337066855989,1.4606561389770265,3.037602476236872,3.0160661213695543,10.032452535600122,6.698175710538988,117018.18522973332,4.0,100.0,inf,4254.546307433333,10.032452535600122,5.116193845568,0.6047700216450217,0.48371040995026876,0.4837104099502688
zscore_reversion,mean_reversion,20,2.5,0.5,20.663650732211536,7.141537784872387,0.7304045820259127,1.19417004785299,0.7027989603444623,5.019065330469008,7.04318930388281,120663.65073221154,10.0,80.0,8.656661572261761,2066.365073221152,5.019065330469008,2.8934455511784116,10.79980592294663,3.326337066855989,1.0650091241835227,1.99319464772844,1.9353040915851891,6.437473735477872,6.027554305367612,110799.80592294663,4.0,100.0,inf,2699.9514807366554,6.437473735477872,3.2467563286226038,0.48458874458874457,0.44341190405364245,0.4434119040536425
zscore_reversion,mean_reversion,20,2.5,1.0,21.891980864086086,3.9696101336343714,0.9909458814140321,1.849996553268638,1.3343237089936046,5.2967449167696135,5.352173389216925,121891.98086408609,10.0,80.0,11.525186696417459,2189.1980864086095,5.2967449167696135,5.514894442302048,4.088692252449152,3.326337066855989,0.49580750789431244,0.8101952228755456,0.7418793479648099,2.4677407742702995,5.186734719784393,104088.69225244915,4.0,50.0,4.558676416395527,1022.1730631122891,2.4677407742702995,1.2291875929199598,0.7011417748917749,0.3540134277582744,0.3540134277582744
zscore_reversion,mean_reversion,20,3.0,0.0,0.0,0.0,,,,0.0,0.0,100000.0,0.0,,,,0.0,,1.8019849942959556,3.326337066855989,0.2904697816313206,0.5073848624344156,0.3284006148203445,1.0923711378552081,4.015514027129943,101801.98499429596,1.0,100.0,inf,1801.9849942959618,1.0923711378552081,0.5417325298302281,0.0,0.1415795172663319,0.0
zscore_reversion,mean_reversion,20,3.0,0.5,0.0,0.0,,,,0.0,0.0,100000.0,0.0,,,,0.0,,1.4087066509799333,3.326337066855989,0.23470376247503624,0.4039544765717507,0.25692357586890746,0.8546144137619338,3.956552866254099,101408.70665097993,1.0,100.0,inf,1408.7066509799279,0.8546144137619338,0.4235008727817908,0.0,0.12739803668806052,0.0
zscore_reversion,mean_reversion,20,3.0,1.0,0.0,0.0,,,,0.0,0.0,100000.0,0.0,,,,0.0,,-0.9799747043065727,3.326337066855989,-0.15169296681533295,-0.2335350900876211,-0.17956706799593536,-0.5973005942615295,3.5390874925864826,99020.02529569343,1.0,0.0,0.0,-979.9747043065724,-0.5973005942615295,-0.2946107639154057,0.0,0.08401660023094049,0.0
zscore_reversion,mean_reversion,40,1.5,0.0,145.3815631679311,10.07445853870429,1.678022679041523,2.7676061650509576,2.617319039222339,26.3680721432068,14.58165411163005,245381.5631679311,25.0,92.0,30.21685308295723,5815.262526717244,26.3680721432068,14.430707378406572,39.68892848293399,9.974775715923789,1.5172918040461463,2.5850580618116505,2.2605202550840673,22.548182545766405,14.05129511497395,139688.928482934,11.0,81.81818181818183,20.330891815982714,3608.084407539454,22.548182545766405,3.9789294128763575,0.8694859307359306,0.7634693205345379,0.7634693205345378
zscore_reversion,mean_reversion,40,1.5,0.5,101.63117421404128,10.074458538704324,1.5058378289088887,2.518531663968333,1.9912892268503855,20.061160754472795,12.675162820168762,201631.1742140413,28.0,89.28571428571429,12.65405836030842,3629.6847933586196,20.061160754472795,10.088003620600743,31.243737104571963,8.478437051507504,1.3693348485949615,2.3445217401119183,2.12140281450099,17.986180223637493,12.662874210084782,131243.73710457195,12.0,83.33333333333334,11.069568559244786,2603.644758714331,17.986180223637493,3.6850821578036825,0.7747862554112553,0.7503176171654432,0.7503176171654432
zscore_reversion,mean_reversion,40,1.5,1.0,70.70439090919017,10.074458538704324,1.3373717544448214,2.3214683300949965,1.485015688649811,14.96072898462797,10.86530436336675,170704.39090919017,35.0,85.71428571428571,8.079022327038942,2020.1254545482925,14.96072898462797,7.018182727891147,7.87753590463745,10.790182943828885,0.4671509178052394,0.7249606054852886,0.4375106915656327,4.7208204018742705,11.214867055746199,107877.53590463745,12.0,75.0,1.934724366031814,656.4613253864528,4.7208204018742705,0.7300650920976984,0.7017992424242424,0.477337427065688,0.47733742706568794
zscore_reversion,mean_reversion,40,2.0,0.0,89.53344736073821,7.575633860245423,1.5111892240940377,2.6278101155305866,2.3945084970273056,18.13991964872543,11.465487778813142,189533.4473607382,15.0,100.0,inf,5968.896490715882,18.13991964872543,11.818608054777036,21.086955660898035,8.294320080049989,1.0532500415791182,1.7654040251737284,1.4882789081679741,12.3442616327325,11.698751156510514,121086.95566089803,6.0,83.33333333333334,39.74220131859023,3514.4926101496717,12.3442616327325,2.5423368591257627,0.7738095238095237,0.569997102589157,0.569997102589157
zscore_reversion,mean_reversion,40,2.0,0.5,54.85332108030266,7.575633860245434,1.1830306217032267,2.0278033158918,1.594138806558157,12.076611920893221,10.064145946414179,154853.32108030264,15.0,100.0,inf,3656.8880720201755,12.076611920893221,7.240756627396659,15.122993816821253,6.66419395655371,0.9081090926068643,1.5277533256252593,1.3422337620804503,8.944906125538887,9.980049137983517,115122.99381682125,6.0,83.33333333333334,31.198829768661874,2520.498969470207,8.944906125538887,2.2692907672576035,0.6774215367965367,0.535132142753786,0.535132142753786
zscore_reversion,mean_reversion,40,2.0,1.0,34.611625672816096,6.9956391703542735,0.9087217804347768,1.5312350999609488,1.1517446583012496,8.057190045858519,8.968050258264606,134611.6256728161,16.0,93.75,80.51284795538743,2163.2266045510064,8.057190045858519,4.947600187770018,3.826936947992697,9.021765869403097,0.30087498909319493,0.46840030302670704,0.2561481609178719,2.310908735679229,8.904699952630612,103826.9369479927,6.0,66.66666666666666,1.8046453753703828,637.8228246654484,2.310908735679229,0.4241893442359857,0.6746482683982684,0.3260243921410415,0.3260243921410415
zscore_reversion,mean_reversion,40,2.5,0.0,39.31069774268009,7.5756338602454125,1.0009149765317849,1.6784191441657517,1.1917407154099913,9.028191316293022,9.042678446996428,139310.6977426801,7.0,100.0,inf,5615.813963240011,9.028191316293022,5.189096842307875,8.31425910404137,4.726172643275072,0.6808744685788387,1.1615828682958063,1.0533926370693394,4.9785154639444995,7.552014485802999,108314.25910404137,2.0,100.0,inf,4157.129552020688,4.9785154639444995,1.759194962095138,0.532023871039424,0.25228364356531724,0.2522836435653172
zscore_reversion,mean_reversion,40,2.5,0.5,29.026203631981236,7.5756338602454125,0.9063204462693129,1.5246933404983538,0.9068387380601945,6.86987824983103,7.652830825683542,129026.20363198123,7.0,100.0,inf,4146.600518854465,6.86987824983103,3.83152144988181,3.3723818763304445,4.726172643275062,0.33305913969853834,0.5268541965910352,0.43125620134327497,2.038191261031308,6.73546854328684,103372.38187633044,2.0,100.0,inf,1686.1909381652213,2.038191261031308,0.7135545251672206,0.4491727969832899,0.1998606754239869,0.19986067542398692
zscore_reversion,mean_reversion,40,2.5,1.0,19.730972030944717,4.766829520831295,0.7841099356137434,1.350583137837184,1.0083898272659813,4.8068223971174495,6.234100181065657,119730.97203094471,7.0,100.0,inf,2818.710290134961,4.8068223971174495,4.139223344304497,0.26868893581828157,4.726172643275062,0.057174548949881394,0.0863409265839679,0.03456634987818909,0.16336653717217153,6.186455803588858,100268.68893581828,2.0,50.0,1.2356883864565005,134.34446790913807,0.16336653717217153,0.05685127397971864,0.4435701628770349,0.1627638531405788,0.16276385314057884
zscore_reversion,mean_reversion,40,3.0,0.0,3.511608950807422,7.5756338602454125,0.3070232396048101,0.46454686538555495,0.11931397400697961,0.9038789814877157,3.085576620557479,103511.60895080742,1.0,100.0,inf,3511.60895080742,0.9038789814877157,0.46353995132146786,6.3401924518486625,3.2860270838860117,0.7814815438318963,1.6117484436967222,1.1595823408683288,3.8104189780892694,4.939935281662635,106340.19245184866,1.0,100.0,inf,6340.19245184866,3.8104189780892694,1.9294401080683838,0.07651154755426336,0.20457267006121743,0.07651154755426337
zscore_reversion,mean_reversion,40,3.0,0.5,2.674112925000387,7.5756338602454125,0.24151816078548716,0.36000769036011826,0.09113336115286325,0.6903929765476047,3.0397651841899087,102674.11292500039,1.0,100.0,inf,2674.1129250003924,0.6903929765476047,0.35298867056304106,3.775491482677331,3.2860270838860117,0.557793349278087,1.0525013987345537,0.6938672935822843,2.280066719334073,4.198371431251448,103775.49148267733,1.0,100.0,inf,3775.491482677338,2.280066719334073,1.1489532454530123,0.06855451772754097,0.1728301102148303,0.06855451772754095
zscore_reversion,mean_reversion,40,3.0,1.0,3.395271090412672,0.8123933800080363,0.6017100890767394,2.536608537634105,1.076202595564108,0.8742998641837474,1.4642920466855285,103395.27109041267,1.0,100.0,inf,3395.2710904126775,0.8742998641837474,4.17934362091809,3.166786438579642,3.2860270838860117,0.5260782571481358,1.035573440818682,0.582675299417701,1.9146868149979568,3.736555450218476,103166.78643857964,1.0,100.0,inf,3166.7864385796465,1.9146868149979568,0.9637128233388274,0.17265899129382545,0.16521531823011745,0.16521531823011748
zscore_reversion,mean_reversion,60,1.5,0.0,139.4132919783844,10.074458538704311,1.7934767545833248,3.0399447203389944,2.5370533927054626,25.55943921529029,13.176189581461086,239413.2919783844,21.0,95.23809523809523,48.53102729419747,6638.728189446879,25.55943921529029,13.838291302979993,42.19896700889457,9.531694331158992,1.5339419117202218,2.648531712837318,2.505649188896973,23.883082169682403,14.66177047710309,142198.96700889457,8.0,100.0,inf,5274.870876111821,23.883082169682403,4.427226214225803,0.8737987012987013,0.6462575253152802,0.6462575253152802
zscore_reversion,mean_reversion,60,1.5,0.5,94.68975423479247,10.074458538704311,1.5119121156450217,2.547042517596669,1.8829365717997142,18.969566423606253,11.961799677280478,194689.7542347925,25.0,92.0,12.938804734039449,3787.5901693916985,18.969566423606253,9.39899190323837,37.26332810479824,5.466831223425295,1.6307110799735096,2.8604695618256653,3.8869379394340657,21.249233690814528,12.277555968797211,137263.32810479825,10.0,100.0,inf,3726.332810479824,21.249233690814528,6.816257276267356,0.7967532467532468,0.766504329004329,0.766504329004329
zscore_reversion,mean_reversion,60,1.5,1.0,59.05368040234635,10.074458538704311,1.2553985618299157,2.142839100337568,1.2766316464666942,12.861372591526532,10.037999627098285,159053.68040234636,28.0,89.28571428571429,7.74611673864827,2109.0600143695133,12.861372591526532,5.861722510988796,13.017883678248806,5.466831223425272,0.7369160838276244,1.189411378309655,1.4137338822784662,7.728644529254147,10.905749452217487,113017.8836782488,10.0,100.0,inf,1301.7883678248822,7.728644529254147,2.3812485050695202,0.6780735930735932,0.5896915584415585,0.5896915584415585
zscore_reversion,mean_reversion,60,2.0,0.0,70.99821432535816,7.061244620845287,1.4675481810135833,2.584602222167481,2.126011188444513,15.012285068260711,9.861569397949728,170998.21432535816,10.0,100.0,inf,7099.82143253581,15.012285068260711,10.054631745197792,66.45868162284482,8.294320080049989,2.4941798208703436,5.1378444757358555,4.381493226802605,36.34150725167187,12.756831221445209,166458.68162284483,8.0,100.0,inf,8307.335202855604,36.34150725167187,8.012553287242357,0.7757034632034632,0.7152876541661258,0.7152876541661257
zscore_reversion,mean_reversion,60,2.0,0.5,44.15976712086393,7.0612446208452635,1.0754589950025548,1.8087569789836684,1.416906723776893,10.005124981509073,9.26427898303989,144159.76712086395,10.0,90.0,21.163007374464954,4415.976712086394,10.005124981509073,6.253822023174409,56.69021717677789,5.466831223425306,2.6241489903553132,5.8568951399317815,5.746779960062219,31.416676119822974,10.627819961326193,156690.2171767779,9.0,100.0,inf,6298.913019641989,31.416676119822974,10.369849527064416,0.7431655844155844,0.77465535538865,0.7431655844155844
zscore_reversion,mean_reversion,60,2.0,1.0,27.015339564385414,7.061244620845308,0.8579125789530475,1.4654780256283948,0.9110460080325895,6.433118723562714,7.602438280769931,127015.33956438542,10.0,90.0,25.12410419209871,2701.533956438542,6.433118723562714,3.8258608807623187,31.42599958701536,5.46683122342535,1.8634042172125913,3.875248426916139,3.308283828110602,18.085829327468183,9.145548856947887,131425.99958701537,9.0,100.0,inf,3491.777731890599,18.085829327468183,5.74848542101594,0.58879329004329,0.7211379128444043,0.58879329004329
zscore_reversion,mean_reversion,60,2.5,0.0,18.39910305590354,6.058223264500306,0.6442118219051196,1.0617048846643864,0.7430576921808313,4.50160939763582,7.239731716861135,118399.10305590354,3.0,100.0,inf,6133.034351967845,4.50160939763582,3.037046053373065,7.6508333163951905,3.3470471064147467,1.0237558845421697,1.9918077803097272,1.3704288927183979,4.586890059920279,4.478215136774226,107650.83331639519,1.0,100.0,inf,7650.833316395194,4.586890059920279,2.285845724050931,0.25022444219358037,0.20996291607286804,0.20996291607286804
zscore_reversion,mean_reversion,60,2.5,0.5,11.99756315439334,6.058223264500251,0.4673837780578921,0.7446942166282048,0.494887515126349,2.9981390574491673,6.814806738173605,111997.56315439334,3.0,100.0,inf,3999.1877181311124,2.9981390574491673,1.9803765279989283,5.5189084941853945,3.3470471064147467,0.7958292197085293,1.4582315525801262,0.9925016553368761,3.3219497936071374,4.217553016845808,105518.9084941854,1.0,100.0,inf,5518.908494185389,3.3219497936071374,1.648888802194684,0.19754171243354607,0.18728965903973435,0.18728965903973432
zscore_reversion,mean_reversion,60,2.5,1.0,10.334909332928408,4.766829520831283,0.5255088606968908,0.9001042021846083,0.5448666448279809,2.597286407482313,5.127952408148239,110334.90933292841,3.0,100.0,inf,3444.9697776428015,2.597286407482313,2.168088723912684,4.486257039295204,3.3470471064147467,0.6682861557989527,1.1965670137927422,0.8083688463411166,2.7056486080618614,4.121245653714224,104486.2570392952,1.0,100.0,inf,4486.2570392952075,2.7056486080618614,1.340362682884599,0.21095320903912443,0.17543967376015318,0.17543967376015318
zscore_reversion,mean_reversion,60,3.0,0.0,18.534830313478757,6.058223264500217,0.7290708158489374,1.2622138619226977,0.74821089516616,4.532828651848164,6.3556943679644595,118534.83031347876,2.0,100.0,inf,9267.415156739375,4.532828651848164,3.059449859183725,0.0,0.0,,,,0.0,0.0,100000.0,0.0,,,,0.0,,0.22409079514770622,0.0,0.0
zscore_reversion,mean_reversion,60,3.0,0.5,12.724990191955118,6.0582232645002065,0.5511831402619003,0.9195020507154108,0.5236078693099702,3.172133375329045,5.989045471626601,112724.99019195512,2.0,100.0,inf,6362.495095977554,3.172133375329045,2.1004491971302266,0.0,0.0,,,,0.0,0.0,100000.0,0.0,,,,0.0,,0.1859155004019711,0.0,0.0
zscore_reversion,mean_reversion,60,3.0,1.0,11.051537391389429,2.7297444356304212,0.7088351326311572,1.490073890442828,1.0149681158877426,2.770603566686858,3.9652594355490525,111051.53739138943,2.0,100.0,inf,5525.768695694714,2.770603566686858,4.048561193911594,0.0,0.0,,,,0.0,0.0,100000.0,0.0,,,,0.0,,0.23358924407810308,0.0,0.0
