strategy,category,param_don_window,param_structure_position,param_pullback,param_exit_level,is_total_return_pct,is_max_drawdown_pct,is_sharpe_ratio,is_sortino_ratio,is_calmar_ratio,is_annualized_return_pct,is_annualized_volatility_pct,is_final_value,is_total_trades,is_win_rate_pct,is_profit_factor,is_expectancy,is_cagr_pct,is_recovery_factor,oos_total_return_pct,oos_max_drawdown_pct,oos_sharpe_ratio,oos_sortino_ratio,oos_calmar_ratio,oos_annualized_return_pct,oos_annualized_volatility_pct,oos_final_value,oos_total_trades,oos_win_rate_pct,oos_profit_factor,oos_expectancy,oos_cagr_pct,oos_recovery_factor,is_composite,oos_composite,robust_score
donchian_rsi_pullback,hybrid,30,0.5,35.0,60.0,5.573863025839659,0.22332748507746247,1.1780040676402952,10.319970603821243,6.377080034124833,1.4241772461587976,1.2066050128686092,105573.86302583966,3.0,66.66666666666666,24.58776107676062,1857.9543419465524,1.4241772461587976,24.958249200300315,1.2413715220704908,1.8573252414619934,0.2353880223256801,0.4121447189164211,0.40560604352942886,0.7533423427367403,3.437444178292495,101241.37152207049,2.0,50.0,3.5826161462265995,620.6857610352462,0.7533423427367403,0.6683651814764254,0.49215296350991533,0.1595340834214422,0.15953408342144224
donchian_rsi_pullback,hybrid,30,0.5,35.0,65.0,5.544471761283785,2.639740091534437,0.6971173194731114,1.152871233023969,0.5367251728383798,1.4168149568772215,2.0481951899154827,105544.47176128378,3.0,66.66666666666666,24.469915520852727,1848.1572537612658,1.4168149568772215,2.1003854807769637,1.2413715220704908,1.8573252414619934,0.2353880223256801,0.4121447189164211,0.40560604352942886,0.7533423427367403,3.437444178292495,101241.37152207049,2.0,50.0,3.5826161462265995,620.6857610352462,0.7533423427367403,0.6683651814764254,0.4277150155681311,0.1595340834214422,0.15953408342144224
donchian_rsi_pullback,hybrid,30,0.5,35.0,75.0,5.544471761283785,2.639740091534437,0.6971173194731114,1.152871233023969,0.5367251728383798,1.4168149568772215,2.0481951899154827,105544.47176128378,3.0,66.66666666666666,24.469915520852727,1848.1572537612658,1.4168149568772215,2.1003854807769637,1.2413715220704908,1.8573252414619934,0.2353880223256801,0.4121447189164211,0.40560604352942886,0.7533423427367403,3.437444178292495,101241.37152207049,2.0,50.0,3.5826161462265995,620.6857610352462,0.7533423427367403,0.6683651814764254,0.4277150155681311,0.1595340834214422,0.15953408342144224
donchian_rsi_pullback,hybrid,30,0.5,40.0,60.0,7.984519427201027,6.468665933995521,0.5475174898976457,0.8892994972944405,0.3127285487103812,2.0229365096307017,3.7887020459462804,107984.51942720103,10.0,50.0,2.3252014344842507,798.4519427201005,2.0229365096307017,1.2343378849167443,-1.5174728319981952,4.344117407035375,-0.18369083115348905,-0.266770674567711,-0.21313698205121603,-0.9258920738116738,4.511686947423346,98482.5271680018,6.0,33.33333333333333,0.7241035716010181,-252.91213866636645,-0.9258920738116738,-0.3493167172555284,0.6042780748663101,0.14043304141551255,0.14043304141551258
donchian_rsi_pullback,hybrid,30,0.5,40.0,65.0,12.780083674436609,6.468665933995588,0.7309573224905974,1.2258863543536223,0.49241643425027437,3.185277413574328,4.423195542298668,112780.08367443661,10.0,50.0,3.03042752414454,1278.008367443663,3.185277413574328,1.9756907845977698,-3.721001187087895,4.344117407035375,-0.47359355030893996,-0.6695503164714778,-0.5249386453802222,-2.280395107021793,4.643700344639063,96278.9988129121,6.0,33.33333333333333,0.32347326690910966,-620.1668645146494,-2.280395107021793,-0.8565609163927448,0.7718360071301246,0.11596800624060608,0.1159680062406061
donchian_rsi_pullback,hybrid,30,0.5,40.0,75.0,22.467629715191332,6.468665933995476,1.0068735511279097,1.9411757105337277,0.8388385195652613,5.426166155635004,5.39133029889726,122467.62971519133,10.0,50.0,4.287169907635172,2246.762971519131,5.426166155635004,3.4733019055930496,-3.721001187087895,4.344117407035375,-0.47359355030893996,-0.6695503164714778,-0.5249386453802222,-2.280395107021793,4.643700344639063,96278.9988129121,6.0,33.33333333333333,0.32347326690910966,-620.1668645146494,-2.280395107021793,-0.8565609163927448,0.8983957219251337,0.11596800624060608,0.1159680062406061
donchian_rsi_pullback,hybrid,30,0.5,45.0,60.0,14.254518410688643,8.100006379797176,0.6154248185731706,1.0555158841289003,0.4364556151804326,3.5352932674598048,5.929110162840266,114254.51841068864,25.0,44.0,1.7418854199568226,570.1807364275443,3.5352932674598048,1.7598157016569629,4.316201228939521,5.189543761200854,0.424175709930315,0.6718769377781298,0.5017644391000717,2.603928514524223,6.566292561876143,104316.20122893952,13.0,53.84615384615385,1.4614410590920517,332.015479149194,2.603928514524223,0.8317111151868883,0.6629530600118836,0.3644162210338681,0.36441622103386817
donchian_rsi_pullback,hybrid,30,0.5,45.0,65.0,16.12489582970977,7.140161463911776,0.5796607944207773,0.9530616123955473,0.5566441770756857,3.974529302266694,7.164209989639674,116124.89582970977,23.0,30.434782608695656,1.762966220509042,701.0824273786848,3.974529302266694,2.2583377016345034,3.6825755855378373,5.189543761200854,0.355058486099883,0.5637340872443817,0.42862103712101246,2.22434762911079,6.8546569428625945,103682.57558553784,13.0,46.15384615384615,1.3688535595141549,283.2750450413712,2.22434762911079,0.70961451622593,0.6861259655377303,0.29096108140225796,0.29096108140225796
donchian_rsi_pullback,hybrid,30,0.5,45.0,75.0,25.11436044271347,11.620315363726586,0.7282565567547027,1.2229883859319324,0.5176709937779411,6.015500202353419,8.516291502596776,125114.36044271347,22.0,27.27272727272727,2.0955901564769137,1141.5618383051592,6.015500202353419,2.1612460296137264,4.150120658825923,5.561298798138436,0.36127655878892684,0.5501754538220186,0.4503486727101677,2.5045235322862958,7.65527263317333,104150.12065882592,10.0,40.0,1.503966873778575,415.0120658825924,2.5045235322862958,0.7462502572627666,0.7488116458704694,0.2956773618538325,0.2956773618538324
donchian_rsi_pullback,hybrid,30,0.6,35.0,60.0,0.0,0.0,inf,inf,,0.0,0.0,100000.0,0.0,,,,0.0,,0.0,0.0,inf,inf,,0.0,0.0,100000.0,0.0,,,,0.0,,0.0,0.0,0.0
donchian_rsi_pullback,hybrid,30,0.6,35.0,65.0,0.0,0.0,inf,inf,,0.0,0.0,100000.0,0.0,,,,0.0,,0.0,0.0,inf,inf,,0.0,0.0,100000.0,0.0,,,,0.0,,0.0,0.0,0.0
donchian_rsi_pullback,hybrid,30,0.6,35.0,75.0,0.0,0.0,inf,inf,,0.0,0.0,100000.0,0.0,,,,0.0,,0.0,0.0,inf,inf,,0.0,0.0,100000.0,0.0,,,,0.0,,0.0,0.0,0.0
donchian_rsi_pullback,hybrid,30,0.6,40.0,60.0,0.9289299409562082,3.450376198984395,0.1580123290177474,0.239779588432237,0.06995125898130457,0.24135815907808666,1.6072294866010277,100928.92994095621,3.0,33.33333333333333,1.80915555868587,309.64331365207397,0.24135815907808666,0.2692256981223193,-1.8972974480631966,1.8972974480631954,-0.8437630528248016,-0.8436433301224772,-0.610613742883095,-1.1585158961244124,1.3697973346859147,98102.7025519368,1.0,0.0,0.0,-1897.2974480631965,-1.1585158961244124,-1.0000000000000007,0.15710817863078963,0.049017182685467967,0.04901718268546796
donchian_rsi_pullback,hybrid,30,0.6,40.0,65.0,-0.9851799745964236,3.450376198984395,-0.11126690915927961,-0.14512756196247417,-0.07471394892697227,-0.25779123110976077,2.117946700647743,99014.82002540358,3.0,33.33333333333333,0.1335037733914708,-328.3933248654724,-0.25779123110976077,-0.2855282780139764,-1.8972974480631966,1.8972974480631954,-0.8437630528248016,-0.8436433301224772,-0.610613742883095,-1.1585158961244124,1.3697973346859147,98102.7025519368,1.0,0.0,0.0,-1897.2974480631965,-1.1585158961244124,-1.0000000000000007,0.07798456199772752,0.049017182685467967,0.04901718268546796
donchian_rsi_pullback,hybrid,30,0.6,40.0,75.0,-0.9851799745964236,3.450376198984395,-0.11126690915927961,-0.14512756196247417,-0.07471394892697227,-0.25779123110976077,2.117946700647743,99014.82002540358,3.0,33.33333333333333,0.1335037733914708,-328.3933248654724,-0.25779123110976077,-0.2855282780139764,-1.8972974480631966,1.8972974480631954,-0.8437630528248016,-0.8436433301224772,-0.610613742883095,-1.1585158961244124,1.3697973346859147,98102.7025519368,1.0,0.0,0.0,-1897.2974480631965,-1.1585158961244124,-1.0000000000000007,0.07798456199772752,0.049017182685467967,0.04901718268546796
donchian_rsi_pullback,hybrid,30,0.6,45.0,60.0,13.648563848508028,3.3924642164183227,0.8084888981914329,1.7521454788316368,0.9998196340763226,3.391852331476386,4.235360334612942,113648.56384850803,10.0,60.0,4.643273357297518,1364.8563848508047,3.391852331476386,4.023200534423863,9.032195810698845,3.590396978913224,1.017038964629768,1.979185483347014,1.5043634920037945,5.401262136877771,5.310153327874464,109032.19581069885,7.0,85.71428571428571,5.6180619685509745,1290.313687242694,5.401262136877771,2.5156538020018044,0.8943850267379679,0.6149737041439749,0.6149737041439749
donchian_rsi_pullback,hybrid,30,0.6,45.0,65.0,10.624541808982292,4.643398859412818,0.55974655883066,0.9781103119887327,0.5744572643965505,2.66743420628035,4.91717614515964,110624.54180898229,9.0,44.44444444444444,3.3969226874837046,1180.5046454424764,2.66743420628035,2.2880958820595096,8.369924807650838,3.590396978913224,0.8915615688465588,1.692509589067002,1.3957600257516085,5.011332579746419,5.66329385076786,108369.92480765084,7.0,71.42857142857143,4.244806589727101,1195.7035439501203,5.011332579746419,2.3311975964797984,0.6938972904932753,0.5411507606262623,0.5411507606262623
donchian_rsi_pullback,hybrid,30,0.6,45.0,75.0,11.45575537846789,6.761028383311885,0.5382583104443017,0.913744245250734,0.4241957650900308,2.867999607854399,5.5359489031346225,111455.75537846789,9.0,33.33333333333333,2.6688424346653825,1272.8617087186553,2.867999607854399,1.69438060735611,4.252020276500087,5.266026146740521,0.4169479464050337,0.6676689377666812,0.4871835555865574,2.5655213419808254,6.594539675513509,104252.02027650009,5.0,60.0,2.627350196152276,850.4040553000186,2.5655213419808254,0.8074438215867829,0.6142766631316383,0.2797651383972622,0.27976513839726214
donchian_rsi_pullback,hybrid,50,0.5,35.0,60.0,8.635156268789492,5.765493400856247,0.5315012399226494,0.8261140192928752,0.3786052756559965,2.1828462183240083,4.230975918232296,108635.15626878949,11.0,54.54545454545454,1.818332819896469,785.0142062535916,2.1828462183240083,1.4977306656021954,6.854919929276511,4.776027989345899,0.8301765919020472,1.468846441776351,0.8617635146768011,4.115806666293498,5.008832853699031,106854.91992927651,5.0,60.0,4.624022624868821,1370.983985855304,4.115806666293498,1.4352763309947283,0.613784907902555,0.3637944647414747,0.3637944647414747
donchian_rsi_pullback,hybrid,50,0.5,35.0,65.0,7.998578287579833,7.57246651892074,0.4468511033927781,0.6789188612793354,0.26760096306199005,2.0263993332178654,4.74069068983444,107998.57828757983,10.0,40.0,1.6732327676882792,799.8578287579821,2.0263993332178654,1.0562711987691726,10.558933779356682,4.776027989345866,0.9768625589530312,1.5723957129340305,1.3183868073533118,6.296652292703753,6.4645699658198374,110558.93377935668,5.0,60.0,6.395221281897317,2111.786755871336,6.296652292703753,2.210819074534539,0.509655377302436,0.46691420366451286,0.46691420366451286
donchian_rsi_pullback,hybrid,50,0.5,35.0,75.0,6.298645051395855,10.41303992870466,0.31679102858064134,0.48786132401667553,0.1541578768680953,1.6052521271518128,5.503210993237342,106298.64505139586,10.0,40.0,1.5355734973615562,629.8645051395863,1.6052521271518128,0.6048805242773502,18.319548029917147,4.776027989345877,1.4218932803959783,2.2993489371793054,2.2561093646936325,10.775241472802133,7.389267358033483,118319.54802991715,5.0,60.0,9.746640767751574,3663.9096059834287,10.775241472802133,3.8357287835798854,0.39037433155080214,0.6151471871686001,0.39037433155080214
donchian_rsi_pullback,hybrid,50,0.5,40.0,60.0,0.25246482027845923,18.453964304291393,0.042151227782349004,0.05798605260628548,0.003563453815623859,0.06575984951351366,6.346075936363209,100252.46482027846,16.0,50.0,1.0102271433584264,15.779051267402792,0.06575984951351366,0.013680790539935617,3.567223678452574,6.021947638771763,0.3836489880764867,0.5986958713128283,0.3578820667365958,2.1551470667432016,6.029917214916371,103567.22367845257,8.0,50.0,1.6431776032925,445.90295980657334,2.1551470667432016,0.5923704243931528,0.0879382055852644,0.25506188352972203,0.08793820558526438
donchian_rsi_pullback,hybrid,50,0.5,40.0,65.0,5.522683748928568,18.453964304291382,0.23851701882026663,0.3396634122407508,0.076479840489898,1.4113562463984763,6.864312767176971,105522.68374892857,15.0,46.666666666666664,1.200290449859335,368.178916595238,1.4113562463984763,0.29926814953491016,4.066799372610796,6.840629773433948,0.3647522835669892,0.5444824333023814,0.3588309187870439,2.4546294666833113,7.396408767707037,104066.7993726108,7.0,42.857142857142854,1.6472713112366735,580.9713389443997,2.4546294666833113,0.5945065742929823,0.2290552584670232,0.2122098923510003,0.2122098923510003
donchian_rsi_pullback,hybrid,50,0.5,40.0,75.0,14.337192608084646,19.943811336169446,0.4737349510430762,0.7326843932923076,0.17824176765396632,3.5548201863160545,8.056168146516878,114337.19260808465,15.0,40.0,1.4745798205139156,955.8128405389773,3.5548201863160545,0.7188792736964564,11.371702365191027,6.840629773433992,0.8379519042838548,1.2727732188056204,0.989871283870861,6.771342976314343,8.221963810917817,111371.70236519103,7.0,42.857142857142854,2.6912057029824537,1624.5289093130045,6.771342976314343,1.6623765269907946,0.46241830065359474,0.39707795376951444,0.39707795376951444
donchian_rsi_pullback,hybrid,50,0.5,45.0,60.0,3.5935576765219737,20.951604378749344,0.15667526574463236,0.23084958262139507,0.044135037608689205,0.9246998472184798,7.824819377455943,103593.55767652197,29.0,51.724137931034484,1.0995256728203364,123.91578194903445,0.9246998472184798,0.1715170643526862,13.348392261772693,6.06762854957087,1.0231699413011814,1.6973918306928062,1.3053179939475164,7.920184726344526,7.741791933045933,113348.3922617727,15.0,66.66666666666666,2.1873580074470835,889.8928174515119,7.920184726344526,2.1999356342795164,0.1495840760546643,0.6022727272727273,0.14958407605466428
donchian_rsi_pullback,hybrid,50,0.5,45.0,65.0,1.5185173548456077,23.477257183914325,0.08859191734350035,0.1289287937761044,0.016769263511721894,0.39369631224952517,8.675167041880476,101518.51735484561,25.0,40.0,1.0388831869616668,60.74069419382499,0.39369631224952517,0.06468035609739092,13.660291434723273,6.067628549570903,0.9328804837052681,1.4753867232762863,1.3350750780865934,8.100739659618817,8.760392495404115,113660.29143472327,13.0,61.53846153846154,2.1662568284443213,1050.7916488248661,8.100739659618817,2.2513394356827128,0.09521687462863934,0.5789884135472372,0.09521687462863937
donchian_rsi_pullback,hybrid,50,0.5,45.0,75.0,13.140034360133606,24.17705659740078,0.3736318283090668,0.5778847589886618,0.13529507789108713,3.2710367555225606,9.927884576707719,113140.0343601336,24.0,29.166666666666668,1.2809123092357233,547.5014316722327,3.2710367555225606,0.5434918972537898,19.73083755587654,8.751794654761724,1.1717766740612228,1.8289131347988006,1.322833450180273,11.577166718427723,9.754794178359557,119730.83755587654,10.0,50.0,2.7181722990523,1973.0837555876556,11.577166718427723,2.2544904598671405,0.3464052287581699,0.6761363636363638,0.34640522875817
donchian_rsi_pullback,hybrid,50,0.6,35.0,60.0,4.9418072241697955,4.048634392932082,0.5024376078911048,0.8138612238855691,0.3125786783370626,1.265516787612686,2.5684643123534014,104941.8072241698,6.0,66.66666666666666,2.130996473720803,823.6345373616292,1.265516787612686,1.2206108886485212,5.025554522797393,2.7049585049779945,0.9595902199810759,1.8759806741698932,1.1193536575606848,3.027805196097,3.160292132762918,105025.55452279739,2.0,100.0,inf,2512.777261398694,3.027805196097,1.8579044793288897,0.4571409041735611,0.2772830581724338,0.2772830581724338
donchian_rsi_pullback,hybrid,50,0.6,35.0,65.0,4.326871451242129,7.572466518920685,0.34712410714721026,0.5273081721991555,0.14664632395614316,1.1104743782806903,3.3420524824960185,104326.87145124213,5.0,40.0,1.7797694705805824,865.3742902484266,1.1104743782806903,0.5713952568071367,8.666155337643053,2.8535512823540166,1.0042319478496209,1.5843254452146867,1.8173358930717132,5.185861168142769,5.167497414760925,108666.15533764305,2.0,100.0,inf,4333.077668821526,5.185861168142769,3.0369719973961606,0.2859097828861828,0.29777702641541315,0.28590978288618274
donchian_rsi_pullback,hybrid,50,0.6,35.0,75.0,8.687302552681315,7.572466518920706,0.5708641641546676,1.0221786550727283,0.2899493504940822,2.1956317487992427,3.9393771907066624,108687.30255268131,5.0,40.0,2.502777055249583,1737.4605105362668,2.1956317487992427,1.1472223127002357,14.22139749901145,2.8535512823540166,1.3314821426208503,2.105267509594922,2.952485871718279,8.425069845373812,6.220717488594293,114221.39749901145,2.0,100.0,inf,7110.698749505724,8.425069845373812,4.983753958428815,0.4374776802795559,0.36666598935858846,0.3666659893585884
donchian_rsi_pullback,hybrid,50,0.6,40.0,60.0,1.2583876667189033,15.463714762094671,0.08511878514612656,0.11799446013749179,0.021118121340886663,0.3265646047267756,5.8288902240709595,101258.3876667189,13.0,53.84615384615385,1.063223880594494,96.7990512860681,0.3265646047267756,0.08137680279796145,4.629262177338256,2.7049585049780056,0.65241314289791,1.0810376797424401,1.031859809863844,2.7911379686361926,4.36508853055235,104629.26217733826,4.0,75.0,3.2877268213054602,1157.3155443345652,2.7911379686361926,1.7113985921850203,0.13547237076648844,0.3384228966530465,0.13547237076648844
donchian_rsi_pullback,hybrid,50,0.6,40.0,65.0,4.836203874818209,15.46371476209465,0.2256615458095856,0.3233901181398966,0.08011911239176271,1.2389391010184214,6.350111322335134,104836.20387481821,12.0,50.0,1.2185355711311951,403.01698956818245,1.2389391010184214,0.31274528463709955,8.256125933214308,2.8535512823539944,0.836760270934957,1.2898172871178915,1.7326608629094968,4.944236627239973,5.980950425746383,108256.12593321431,4.0,75.0,4.943386782585828,2064.0314833035764,4.944236627239973,2.893281079008169,0.24168152109328578,0.42133169151634403,0.24168152109328575
donchian_rsi_pullback,hybrid,50,0.6,40.0,75.0,10.6225301260892,17.008193688300942,0.38661838280212,0.6008978818819112,0.15680368546569373,2.6669474534399384,7.53972492609354,110622.5301260892,12.0,41.66666666666667,1.4488730030880463,885.2108438407686,2.6669474534399384,0.6245536898721873,15.855096047239059,2.8535512823539944,1.3189932995471305,2.066446759250796,3.282171458988747,9.365844575703019,6.972268127479565,115855.09604723906,4.0,75.0,8.076186728071802,3963.774011809766,9.365844575703019,5.556268129921126,0.4123588829471183,0.5765097106839946,0.4123588829471183
donchian_rsi_pullback,hybrid,50,0.6,45.0,60.0,5.497256090555791,16.33374909084514,0.2342722476116526,0.35387322052347386,0.08601727669134561,1.404984614954241,6.996960356688235,105497.25609055579,17.0,64.70588235294117,1.2281174243765114,323.36800532681264,1.404984614954241,0.33655813248881933,14.772290045510527,4.505551598170521,1.1635096088307386,2.015479609780144,1.9404704830227126,8.742889885985704,7.44114361172217,114772.29004551053,14.0,71.42857142857143,2.567158068107177,1055.1635746793231,8.742889885985704,3.2786862437684245,0.27243018419489007,0.773321449792038,0.27243018419489
donchian_rsi_pullback,hybrid,50,0.6,45.0,65.0,4.817549415583111,16.954390747839053,0.19381429161479663,0.2873064611701954,0.07279779073600842,1.2342421897177047,7.959153143671373,104817.54941558311,15.0,53.333333333333336,1.1828791377552224,321.16996103887413,1.2342421897177047,0.28414759853267735,15.088107337917972,4.5055515981704986,1.048643462712567,1.7033198609072744,1.9808498570182114,8.924821239024205,8.49580701217823,115088.10733791797,12.0,66.66666666666666,2.527845931059786,1257.3422781598308,8.924821239024205,3.3487813887304214,0.207516339869281,0.7390448603683897,0.20751633986928097
donchian_rsi_pullback,hybrid,50,0.6,45.0,75.0,11.365121340288663,19.948244068189027,0.3518705281582824,0.549383401733399,0.14267842973329953,2.8461841395858167,9.162552777833714,111365.12134028866,14.0,35.714285714285715,1.361945559861672,811.79438144919,2.8461841395858167,0.5697304134358544,21.721937948956764,7.234354860306357,1.2889769758518714,2.0438316623035555,1.7558283278680624,12.702285197575902,9.637575774996167,121721.93794895677,9.0,55.55555555555556,3.288321661976114,2413.5486609951968,12.702285197575902,3.002608852952631,0.35011883541295313,0.7160219603973056,0.3501188354129531
donchian_rsi_pullback,hybrid,80,0.5,35.0,60.0,17.981832037345562,8.788199009420449,0.7033029949745196,1.0666220175484777,0.50129326309397,4.405464958151573,6.423415061684821,117981.83203734556,16.0,62.5,2.0883620428428387,1123.864502334097,4.405464958151573,2.046133914135315,9.444354135026064,5.303489243101566,0.9077912426367285,1.566401128517835,1.0641037893442342,5.643463000330762,6.262809719452764,109444.35413502606,6.0,66.66666666666666,4.969229222197716,1574.0590225043436,5.643463000330762,1.780781237052694,0.7549019607843138,0.4549547281908533,0.45495472819085336
donchian_rsi_pullback,hybrid,80,0.5,35.0,65.0,10.945738272080636,12.987512484564856,0.4092912676530796,0.5880347022756994,0.21136211256886214,2.7450680757520995,7.261215203335213,110945.73827208063,14.0,50.0,1.5046737834643003,781.8384480057614,2.7450680757520995,0.8427894321633347,9.17413368169278,5.303489243101634,0.7281848780766621,1.1348662121429653,1.034170283497018,5.484710974061802,7.743476235953262,109174.13368169278,6.0,50.0,3.745193088876199,1529.0222802821286,5.484710974061802,1.7298297896287391,0.4934640522875817,0.38925438681579594,0.38925438681579594
donchian_rsi_pullback,hybrid,80,0.5,35.0,75.0,23.24098469104196,15.220276188621396,0.6837526569791122,1.028123494177677,0.3678862905965482,5.599330948886894,8.495660870323949,123240.98469104196,13.0,46.15384615384615,1.9606081933978357,1787.7680531570775,5.599330948886894,1.5269752271917907,16.837542767507724,5.303489243101556,1.1522430198872355,1.8118614359344358,1.8721807915592807,9.929090689176,8.531564412362123,116837.54276750772,6.0,50.0,5.7078637367044065,2806.2571279179538,9.929090689176,3.174804736223221,0.6499554367201427,0.6010258024038753,0.6010258024038753
donchian_rsi_pullback,hybrid,80,0.5,40.0,60.0,10.207911242676142,14.218761584660001,0.3635072398082713,0.5258437217576591,0.18049990063080246,2.566485053124201,7.8109574597835225,110207.91124267614,20.0,60.0,1.3962502229850793,510.39556213380547,2.566485053124201,0.717918447531254,2.882517439343865,6.572651595834178,0.2852413508708781,0.4432281183393534,0.2653058628557441,1.7437630028829698,6.889051902317727,102882.51743934386,7.0,57.14285714285714,1.541375537456749,411.7882056205523,1.7437630028829698,0.4385623362678827,0.4343434343434343,0.18110855966529738,0.1811085596652974
donchian_rsi_pullback,hybrid,80,0.5,40.0,65.0,9.726464031565643,14.218761584659978,0.3231929237409046,0.46314923239091244,0.1722709028726551,2.4494788959203984,8.644468711571106,109726.46403156564,18.0,55.55555555555556,1.303129007399348,540.359112864759,2.4494788959203984,0.6840584514799879,3.9443264323406475,6.572651595834134,0.3275699750852084,0.4878309429466641,0.36229858586749436,2.3812623785704368,8.210481013425301,103944.32643234065,6.0,50.0,1.6157753595445428,657.3877387234384,2.3812623785704368,0.6001118992585327,0.4065656565656566,0.20504029479921615,0.20504029479921615
donchian_rsi_pullback,hybrid,80,0.5,40.0,75.0,34.18004260454717,14.218761584660001,0.8022550567543583,1.2391409398915905,0.5602991050926978,7.9667593914114265,10.20256309428123,134180.04260454717,17.0,52.94117647058824,1.8550310318636605,2010.5907414439512,7.9667593914114265,2.403869169690736,11.240632514539422,6.572651595834211,0.7678810392091288,1.1607336243209567,1.0185972313237728,6.694884717972505,8.96136244253153,111240.63251453942,6.0,50.0,2.6397496469967,1873.4387524232382,6.694884717972505,1.7102127430067657,0.8119429590017826,0.3736347347288186,0.37363473472881864
donchian_rsi_pullback,hybrid,80,0.5,45.0,60.0,13.488440746118648,15.175382988949726,0.4037777110177191,0.5985788962667166,0.22100620080976563,3.3538537402209245,9.221745533121025,113488.44074611865,30.0,66.66666666666666,1.393907441189733,449.6146915372892,3.3538537402209245,0.888836924639104,14.481774105882955,7.492385195388518,1.0241034455282183,1.6935269883886095,1.1445434691850878,8.575360544000965,8.375458452956527,114481.77410588296,14.0,71.42857142857143,2.461501835152454,1034.412436134497,8.575360544000965,1.9328656667033524,0.48588829471182415,0.588235294117647,0.48588829471182415
donchian_rsi_pullback,hybrid,80,0.5,45.0,65.0,8.596049628027206,15.175382988949659,0.2623136877446125,0.38214625891737247,0.14320922561239674,2.1732548462190193,10.162641066438487,108596.0496280272,23.0,60.86956521739131,1.2131612313252447,373.7412881750972,2.1732548462190193,0.5664469644216978,14.317936181381285,7.492385195388563,0.9093212634194431,1.42621802308957,1.1319236636096681,8.480808099539061,9.441317095089753,114317.93618138129,12.0,66.66666666666666,2.3050110069079897,1193.1613484484376,8.480808099539061,1.9109984081162477,0.3432115270350565,0.529003267973856,0.34321152703505653
donchian_rsi_pullback,hybrid,80,0.5,45.0,75.0,37.88284658119177,15.175382988949682,0.7766865241840925,1.2069250475710929,0.5756520016631599,8.73573959359395,11.655579003628041,137882.84658119176,20.0,55.00000000000001,1.7846434103317688,1894.1423290595876,8.73573959359395,2.4963354538582037,20.423606818894026,8.223827480564072,1.1420363096103658,1.773117823576654,1.455460716028143,11.969457833353703,10.37027577800966,120423.60681889403,9.0,55.55555555555556,2.8926781177972236,2269.2896465437816,11.969457833353703,2.483467323112324,0.7947860962566845,0.648027353845111,0.648027353845111
donchian_rsi_pullback,hybrid,80,0.6,35.0,60.0,19.88197827736307,8.788199009420461,0.8249371440143152,1.2548077378678932,0.5508828965585223,4.841268525842279,5.945639271990947,119881.97827736307,11.0,81.81818181818183,3.0500698002829534,1807.4525706693714,4.841268525842279,2.262349573109427,7.748441362946819,3.0190269721586227,1.0263906107940262,1.7806214089520132,1.5384321097615339,4.644568034204966,4.5226064360355975,107748.44136294682,4.0,75.0,8.763961877926057,1937.1103407367043,4.644568034204966,2.5665359847403537,0.8505644682115271,0.47206341868482066,0.4720634186848206
donchian_rsi_pullback,hybrid,80,0.6,35.0,65.0,18.318802488061074,11.063230172916382,0.7006764417047027,1.0464192344019136,0.405227638182494,4.483126633640211,6.5671269538460795,118318.80248806108,10.0,70.0,2.2251174008117243,1831.880248806105,4.483126633640211,1.6558276562759109,11.483428197404777,3.019026972158667,1.1154399195804328,1.7606325819023683,2.2644677711718533,6.836489278751845,6.095121067813047,111483.42819740478,4.0,75.0,12.120934533065796,2870.857049351193,6.836489278751845,3.803685195032851,0.7360368389780155,0.5179568422437111,0.5179568422437111
donchian_rsi_pullback,hybrid,80,0.6,35.0,75.0,29.153488170297393,15.220276188621396,0.8419443917034389,1.2909439505266505,0.4531688221644328,6.8973546334149205,8.334444956005376,129153.4881702974,10.0,60.0,2.5600707300080474,2915.3488170297396,6.8973546334149205,1.9154375261660757,19.308936747412677,3.019026972158634,1.5550687131323127,2.478600725758733,3.7554561374187174,11.337823371625788,7.067529881475227,119308.93674741268,4.0,75.0,18.472917426272023,4827.2341868531685,11.337823371625788,6.395748340600813,0.7885472370766489,0.594688579586032,0.5946885795860322
donchian_rsi_pullback,hybrid,80,0.6,40.0,60.0,4.350824860635679,14.218761584660056,0.18740835873425069,0.26019708181450335,0.07852486454921064,1.1165263274929504,7.3811387383107165,104350.82486063568,16.0,62.5,1.196734087241836,271.9265537897277,1.1165263274929504,0.3059918288052299,3.5031856432772477,6.638824967281565,0.3738389045380855,0.5723645860681094,0.31883911679676497,2.1167170891363662,6.098998221474716,103503.18564327725,6.0,66.66666666666666,1.7464151768019112,583.8642738795414,2.1167170891363662,0.5276815792767792,0.24866310160427807,0.21507944503559753,0.2150794450355975
donchian_rsi_pullback,hybrid,80,0.6,40.0,65.0,7.257676515124535,14.218761584659967,0.2683440550917795,0.37987046878689446,0.12964931895444898,1.8434527558268465,8.001494667491633,107257.67651512453,15.0,60.0,1.2567964571833496,483.84510100829993,1.8434527558268465,0.5104295807979888,3.2476340621380078,6.6388249672815425,0.2934230389810255,0.4268101193489149,0.29572473545411354,1.963264757175498,7.611540330301035,103247.63406213801,6.0,50.0,1.4572744161620772,541.2723436896667,1.963264757175498,0.48918808345505227,0.34670231729055256,0.16062640378210202,0.16062640378210202
donchian_rsi_pullback,hybrid,80,0.6,40.0,75.0,25.51723669383436,14.218761584660001,0.6449948902519591,0.9787621528754432,0.42931982570565697,6.104396245276522,9.953407353317715,125517.23669383436,15.0,53.333333333333336,1.7039539380425872,1701.1491129222936,6.104396245276522,1.794617382245426,10.495036265187228,6.63882496728162,0.7633858812863388,1.133478551521823,0.9428288385080513,6.259275632960382,8.416653617319168,110495.03626518723,6.0,50.0,2.3808010209572235,1749.1727108645402,6.259275632960382,1.5808575036863186,0.6821152703505645,0.34055444025363646,0.3405544402536364
donchian_rsi_pullback,hybrid,80,0.6,45.0,60.0,11.631306905393634,15.175382988949682,0.37112914964608507,0.5520218652352701,0.19177224765851744,2.910217304869711,8.762390228918532,111631.30690539363,24.0,70.83333333333334,1.4131319589357083,484.63778772473347,2.910217304869711,0.766458870518342,11.44601318597939,7.492385195388518,0.864325477348263,1.3865622539935516,0.9095469068831811,6.814675779642965,7.99635299991583,111446.01318597939,11.0,72.72727272727273,2.3608193173892653,1040.5466532708544,6.814675779642965,1.5276861623484452,0.4659090909090909,0.47482174688057055,0.46590909090909094
donchian_rsi_pullback,hybrid,80,0.6,45.0,65.0,2.292557135917392,15.175382988949659,0.10931575692685977,0.15677710155282884,0.03905691116881041,0.5927035853520835,9.752778581668,102292.55713591739,20.0,60.0,1.061071584821174,114.62785679587023,0.5927035853520835,0.15107079258472592,8.956512117179562,9.068945951717877,0.618306259654306,0.9360671729834353,0.5906693490443496,5.356748401819589,9.109089814014084,108956.51211717956,10.0,60.0,1.8242161826555605,895.6512117179548,5.356748401819589,0.9876023260986556,0.18337789661319073,0.36452762923351156,0.1833778966131907
donchian_rsi_pullback,hybrid,80,0.6,45.0,75.0,22.48404491835102,15.175382988949714,0.529830915830681,0.808346197107248,0.357806464232236,5.429850130646119,11.149450213708674,122484.04491835102,17.0,52.94117647058824,1.5185435528961355,1322.5908775500607,5.429850130646119,1.4816130133073588,19.314689202352007,9.068945951717811,1.1443442046723886,1.771138675956069,1.25054102353545,11.341088952848866,9.80812765817384,119314.689202352,9.0,55.55555555555556,2.623114739487577,2146.076578039113,11.341088952848866,2.1297611988406966,0.5766488413547237,0.6040950873318539,0.5766488413547237
