strategy,category,param_clv_floor,param_trend_window,param_exit_window,is_total_return_pct,is_max_drawdown_pct,is_sharpe_ratio,is_sortino_ratio,is_calmar_ratio,is_annualized_return_pct,is_annualized_volatility_pct,is_final_value,is_total_trades,is_win_rate_pct,is_profit_factor,is_expectancy,is_cagr_pct,is_recovery_factor,oos_total_return_pct,oos_max_drawdown_pct,oos_sharpe_ratio,oos_sortino_ratio,oos_calmar_ratio,oos_annualized_return_pct,oos_annualized_volatility_pct,oos_final_value,oos_total_trades,oos_win_rate_pct,oos_profit_factor,oos_expectancy,oos_cagr_pct,oos_recovery_factor,is_composite,oos_composite,robust_score
clv_dip,mean_reversion,0.1,100,5,-18.221082491668568,18.63819464628055,-0.7894106350457113,-1.0232561271500018,-0.2741223802403501,-5.109146279821375,6.38416176529521,81778.91750833143,26.0,53.84615384615385,0.3509105432633667,-700.810865064177,-5.109146279821375,-0.9776205709550726,0.32040614687556807,8.717492962533257,0.06298752233043861,0.08750528119339339,0.022344912768650645,0.1947916198091315,5.419337765693226,100320.40614687557,10.0,60.0,1.0510174759373654,32.04061468755776,0.1947916198091315,0.03675439122837672,0.36363636363636365,0.5277777777777778,0.36363636363636365
clv_dip,mean_reversion,0.1,100,10,-12.778857012541309,20.594395145040544,-0.38574569970975153,-0.5378502046748573,-0.17003616999012924,-3.5017920737260066,8.339475241631899,87221.14298745869,22.0,45.45454545454545,0.5979803186761287,-580.8571369336967,-3.5017920737260066,-0.6205016909961864,5.5360475018491995,9.478055035603528,0.49853882104165714,0.7350888617317103,0.35156565418761665,3.3321586190181884,7.076196435906243,105536.0475018492,9.0,66.66666666666666,1.856477138272056,615.1163890943542,3.3321586190181884,0.5840910905300186,0.7390572390572389,0.8672306916522373,0.7390572390572389
clv_dip,mean_reversion,0.1,100,20,-23.67505321603044,25.177009188366796,-0.606915248130205,-0.8165312823185629,-0.27014248128238816,-6.801379733414892,10.666140693150053,76324.94678396956,19.0,42.10526315789473,0.4060052885393591,-1246.0554324226532,-6.801379733414892,-0.9403441464750967,2.4054448360394014,8.59192740613991,0.22150864031704984,0.3223074540812842,0.16951899908353069,1.4564949340871935,7.951385950620001,102405.4448360394,8.0,62.5,1.6159986410592162,300.68060450492544,1.4564949340871935,0.2799656843376537,0.3282828282828283,0.6798550113408452,0.3282828282828283
clv_dip,mean_reversion,0.1,150,5,-23.950168760866728,25.182345232852487,-0.934107389018029,-1.1707179806294552,-0.27356786024965385,-6.889080301419526,7.3501600545137755,76049.83123913327,28.0,57.14285714285714,0.2951016036024796,-855.3631700309538,-6.889080301419526,-0.9510698284614778,-2.7665272618494927,8.717492962533191,-0.3235339561316986,-0.4209183002484262,-0.19411632644868915,-1.6922077097292432,4.903085905679863,97233.4727381505,8.0,50.0,0.5455076601381108,-345.8159077311837,-1.6922077097292432,-0.3173535411774598,0.23148148148148148,0.24167603393179546,0.23148148148148148
clv_dip,mean_reversion,0.1,150,10,-19.38583217415823,21.685964906508147,-0.5599021625174789,-0.7538694540705247,-0.2519312285535398,-5.463371781265547,9.26596173065032,80614.16782584177,24.0,50.0,0.4982298273230045,-807.7430072565937,-5.463371781265547,-0.8939344990058696,2.2886249347865815,9.478055035603406,0.2391202374848412,0.3410074259417918,0.1462401607242105,1.3860722917595547,6.691584144425773,102288.62493478658,7.0,57.14285714285714,1.3653121165750919,326.94641925522626,1.3860722917595547,0.2414656726711948,0.4671717171717172,0.5732670552177924,0.46717171717171724
clv_dip,mean_reversion,0.1,150,20,-19.68401068265643,22.817205787950424,-0.4798795345859307,-0.6511788982712241,-0.2434418182838166,-5.554662065174676,10.711235382981409,80315.98931734357,20.0,50.0,0.4984856333245915,-984.2005341328216,-5.554662065174676,-0.8626827870856735,0.08983021747189923,8.591927406140055,0.043797161117932075,0.062357744294659685,0.006359121037189386,0.05463710631838925,7.273255079060858,100089.8302174719,7.0,57.14285714285714,1.0235363925791918,12.83288821027054,0.05463710631838925,0.010455188134818714,0.4991582491582492,0.41128742045109434,0.41128742045109434
clv_dip,mean_reversion,0.1,200,5,-20.764925153611316,22.233413460143158,-0.8031458939980732,-1.0156072907114346,-0.2648135886595416,-5.887710006531865,7.228169525508013,79235.07484638868,28.0,60.71428571428571,0.3385377046613758,-741.604469771834,-5.887710006531865,-0.9339512887139739,-2.7665272618494927,8.717492962533191,-0.3235339561316986,-0.4209183002484262,-0.19411632644868915,-1.6922077097292432,4.903085905679863,97233.4727381505,8.0,50.0,0.5455076601381108,-345.8159077311837,-1.6922077097292432,-0.3173535411774598,0.36784511784511786,0.24167603393179546,0.2416760339317955
clv_dip,mean_reversion,0.1,200,10,-17.331659146376417,20.5943951450406,-0.4964234197553774,-0.6724330663176323,-0.23507156704893226,-4.841156739169616,9.150973925257716,82668.34085362358,24.0,54.166666666666664,0.5349189103174752,-722.1524644323521,-4.841156739169616,-0.8415716521079818,2.2886249347865815,9.478055035603406,0.2391202374848412,0.3410074259417918,0.1462401607242105,1.3860722917595547,6.691584144425773,102288.62493478658,7.0,57.14285714285714,1.3653121165750919,326.94641925522626,1.3860722917595547,0.2414656726711948,0.5808080808080808,0.5732670552177924,0.5732670552177924
clv_dip,mean_reversion,0.1,200,20,-17.832591916028907,21.038012443268883,-0.4295028754224987,-0.5854638360745957,-0.2372765785330932,-4.991827611675481,10.609713170162044,82167.4080839711,19.0,52.63157894736842,0.5288457828370167,-938.5574692646794,-4.991827611675481,-0.8476367225333802,0.08983021747189923,8.591927406140055,0.043797161117932075,0.062357744294659685,0.006359121037189386,0.05463710631838925,7.273255079060858,100089.8302174719,7.0,57.14285714285714,1.0235363925791918,12.83288821027054,0.05463710631838925,0.010455188134818714,0.5993265993265993,0.41128742045109434,0.41128742045109434
clv_dip,mean_reversion,0.2,100,5,-30.17057322652577,30.380302222370894,-0.852141449780378,-1.1218249840915144,-0.29419399863655993,-8.937702590586461,10.354779019118041,69829.42677347423,58.0,55.172413793103445,0.4831123382362098,-520.1822970090655,-8.937702590586461,-0.9930965467588178,-4.59734418218414,13.803376817639524,-0.2933637020012483,-0.4173063381923685,-0.20447526655329296,-2.822449154122386,8.52358736166899,95402.65581781586,27.0,55.55555555555556,0.7466134794744766,-170.27200674756,-2.822449154122386,-0.3330593841580222,0.1851851851851852,0.22558922558922553,0.1851851851851852
clv_dip,mean_reversion,0.2,100,10,-25.458940707814165,27.092007881301726,-0.5634198559054786,-0.754691549310865,-0.2721931175717885,-7.374258086490981,12.258062896181954,74541.05929218583,46.0,52.17391304347826,0.5773541783126608,-553.4552327785682,-7.374258086490981,-0.9397214418125626,6.96281943985814,10.457425996310011,0.4658100828799831,0.6984393184853115,0.39969207644239935,4.179750310707875,9.823779532130661,106962.81943985814,23.0,60.86956521739131,1.574021134449861,302.7312799938318,4.179750310707875,0.6658253610702125,0.3771043771043771,0.8594276094276093,0.37710437710437705
clv_dip,mean_reversion,0.2,100,20,-24.156038283822696,30.91317055308468,-0.4358246170162412,-0.5936149312219532,-0.22498049342495177,-6.9548603643626805,14.216374594648693,75843.9617161773,32.0,43.75,0.5891437280713536,-754.8761963694594,-6.9548603643626805,-0.7814157477746092,8.051309958033526,9.523304412447631,0.4919467193952331,0.7253759727413902,0.5064846224299158,4.823407239623689,10.74720703990344,108051.30995803353,20.0,60.0,1.7311451900468464,402.56549790167753,4.823407239623689,0.8454323845313498,0.4646464646464646,0.9099326599326599,0.46464646464646464
clv_dip,mean_reversion,0.2,150,5,-30.704844942077614,30.912969281038315,-0.7819340810889923,-1.029971166896802,-0.2950174429951563,-9.11986515267974,11.395140974608147,69295.15505792238,67.0,56.71641791044776,0.5058303316654608,-458.2812677922024,-9.11986515267974,-0.9932674102876179,-9.580673789984417,13.803376817639613,-0.7151699381561692,-0.9825203512228126,-0.4305288109100393,-5.942751407841584,8.107285851991511,90419.32621001558,23.0,47.82608695652174,0.47377391159423243,-416.5510343471486,-5.942751407841584,-0.6940818842053983,0.20538720538720537,0.11447811447811446,0.11447811447811447
clv_dip,mean_reversion,0.2,150,10,-30.723837577406872,34.35483982040773,-0.6268947689001073,-0.8315622940517244,-0.26564990307719133,-9.126359868523748,13.75124666944359,69276.16242259313,54.0,57.407407407407405,0.5620229396492532,-568.9599551371637,-9.126359868523748,-0.8943088583156792,2.7475837577682394,10.577942848801758,0.22050916414603725,0.32441815315525285,0.15717290797577668,1.6625660379477436,9.532255216225705,102747.58375776824,21.0,52.38095238095239,1.2129801590139602,130.83732179848823,1.6625660379477436,0.2597465118730036,0.2895622895622896,0.6346801346801348,0.2895622895622896
clv_dip,mean_reversion,0.2,150,20,-20.709376179520465,32.64289586221941,-0.3280272368237051,-0.44884894441197665,-0.17984044221239978,-5.8705128269548545,15.00508595159479,79290.62382047954,37.0,51.35135135135135,0.6563313694174128,-559.7128697167691,-5.8705128269548545,-0.6344221501343362,4.072321289147774,10.972109130993847,0.2826020343077508,0.40937047484403033,0.2240167801589631,2.457936559078,10.561949808949556,104072.32128914777,19.0,52.63157894736842,1.3493112299915757,214.33269942882907,2.457936559078,0.3711520948733861,0.6144781144781145,0.7348484848484848,0.6144781144781145
clv_dip,mean_reversion,0.2,200,5,-22.562177931826735,29.431066560232633,-0.5376360957502251,-0.7163997946647138,-0.21912175603542405,-6.448986986673622,11.223054081030567,77437.82206817326,72.0,59.72222222222222,0.6209476811200874,-313.36358238648234,-6.448986986673622,-0.7666109512426856,-13.37969818963397,17.109694878607794,-0.9974102044753488,-1.3470765682545751,-0.4890200770345229,-8.366984307573965,8.40584119858756,86620.30181036603,24.0,45.83333333333333,0.3919813501133179,-557.4874245680826,-8.366984307573965,-0.781995136942072,0.5505050505050506,0.03703703703703704,0.03703703703703709
clv_dip,mean_reversion,0.2,200,10,-22.842790035482395,33.054388951018495,-0.4327171056597956,-0.5785293941707416,-0.1977797319288935,-6.537488185805818,13.508490379326796,77157.2099645176,56.0,60.71428571428571,0.6688227490617498,-407.9069649193292,-6.537488185805818,-0.6910667769212702,-1.2448535521487212,14.007981656498869,-0.0288080009935393,-0.04170168578990449,-0.054193588415318406,-0.7591427924216299,9.806337418748809,98755.14644785128,22.0,50.0,0.9263099106687844,-56.58425237039614,-0.7591427924216299,-0.08886744590868188,0.5681818181818182,0.32323232323232326,0.3232323232323232
clv_dip,mean_reversion,0.2,200,20,-10.269457909243691,29.84792954114639,-0.1169495384113782,-0.1613867261520871,-0.09332444429096347,-2.785541437663319,14.79038428975738,89730.54209075631,39.0,58.97435897435898,0.8260636521914214,-263.31943357035016,-2.785541437663319,-0.34405930552358394,1.5310255162078683,13.096564441118296,0.13934822860237042,0.20002299406985558,0.07090416832821378,0.9286010096543507,10.842287305120642,101531.02551620787,19.0,52.63157894736842,1.1078229376764497,80.58029032672869,0.9286010096543507,0.11690283532687572,0.8484848484848485,0.505892255892256,0.505892255892256
clv_dip,mean_reversion,0.3,100,5,-31.299778687943135,31.75011842609007,-0.7140914447274644,-0.9769222387724242,-0.2936662026823188,-9.323936712903791,12.593308698992022,68700.22131205686,82.0,57.3170731707317,0.596247626214466,-381.7046181456485,-9.323936712903791,-0.9858161241446938,-2.087236984395349,15.64880467151497,-0.07566212668969183,-0.10931763669623783,-0.08147438734839411,-1.2749767733463702,10.157722673812518,97912.76301560465,40.0,62.5,0.919239612434295,-52.180924609882254,-1.2749767733463702,-0.13337996276448394,0.2676767676767677,0.30387205387205385,0.26767676767676774
clv_dip,mean_reversion,0.3,100,10,-12.335441293570373,25.139409653787602,-0.16101143226088407,-0.22786955525789723,-0.134216790581655,-3.374130880848847,14.651909392998213,87664.55870642963,64.0,57.8125,0.8500563517217741,-192.74127021203685,-3.374130880848847,-0.4906814226527339,5.512196212943774,13.74323432279516,0.34323321192731365,0.5039976269796449,0.2414243531014865,3.3179514559029677,11.39750576195987,105512.19621294377,30.0,63.33333333333333,1.2529740034563452,183.73987376479238,3.3179514559029677,0.401084350559387,0.86026936026936,0.7811447811447813,0.7811447811447813
clv_dip,mean_reversion,0.3,100,20,-11.033639429362228,32.59066854898861,-0.1044096496258203,-0.14632454328948621,-0.09211453420836609,-3.002074252929332,16.36399252910851,88966.36057063777,41.0,46.34146341463415,0.8465684846033971,-269.11315681371343,-3.002074252929332,-0.3385521046546508,8.751227528514224,14.214282574342018,0.47765008361734457,0.7037236488888584,0.36835824973403186,5.2359482503095744,12.252738046169188,108751.22752851422,26.0,61.53846153846154,1.4322093502560955,336.58567417362576,5.2359482503095744,0.6156643842377898,0.8063973063973063,0.8367003367003367,0.8063973063973064
clv_dip,mean_reversion,0.3,150,5,-34.42183457893101,35.307611263584185,-0.7643302566071085,-1.0289101248259156,-0.29503016142098065,-10.416810250484476,13.240838774941002,65578.16542106899,90.0,57.77777777777777,0.5767551671071721,-382.464828654789,-10.416810250484476,-0.9749125853334986,-4.53145177289164,15.167980302058515,-0.2420761485972944,-0.34562066506804084,-0.18338792163081827,-2.781624382931702,9.710152314794286,95468.54822710836,38.0,63.1578947368421,0.8161012960610817,-119.2487308655709,-2.781624382931702,-0.2987511641399387,0.19865319865319864,0.26936026936026936,0.19865319865319864
clv_dip,mean_reversion,0.3,150,10,-28.13654961937388,31.427103361156806,-0.4785968758234638,-0.651294823753448,-0.2626229778300696,-8.25347946928039,15.486944568410829,71863.45038062612,70.0,57.14285714285714,0.673153678801207,-401.95070884819813,-8.25347946928039,-0.8952956718928803,2.4612951447218654,14.675460722433476,0.18657847617729598,0.27271692185351604,0.10154039687784741,1.4901521061211565,11.402747781874117,102461.29514472187,30.0,60.0,1.1076520630162405,82.04317149072824,1.4901521061211565,0.1677150170119998,0.4503367003367003,0.5294612794612794,0.45033670033670026
clv_dip,mean_reversion,0.3,150,20,-18.224150040050286,38.0933071201769,-0.23203079069268281,-0.3191864330904485,-0.13414624931128485,-5.110074274034593,16.634180060928557,81775.84995994972,46.0,45.65217391304348,0.7406455165264603,-396.1771747837008,-5.110074274034593,-0.47840818815118025,4.09886923137102,14.91679729761426,0.2592849475154048,0.3788944096065953,0.16584225103118722,2.473835242012279,12.366646494268661,104098.86923137102,26.0,57.692307692307686,1.1829734606169975,157.6488165911927,2.473835242012279,0.2747821231053786,0.6750841750841751,0.6683501683501682,0.6683501683501682
clv_dip,mean_reversion,0.3,200,5,-21.419813212490045,27.567207632371638,-0.4126077229470216,-0.5690944324946433,-0.2209556112200069,-6.091129212039514,13.13631704742495,78580.18678750996,93.0,61.29032258064516,0.7253870265004455,-230.32057217731244,-6.091129212039514,-0.7770033692979906,-8.845431121005953,18.031464499221716,-0.5178074357824136,-0.7271524300168368,-0.30381455591539874,-5.478221379335324,9.929619310588421,91154.56887899405,37.0,62.16216216216216,0.6861784255613302,-239.06570597313362,-5.478221379335324,-0.4905553357237148,0.6599326599326599,0.13804713804713803,0.13804713804713808
clv_dip,mean_reversion,0.3,200,10,-18.163719867560925,27.527300380532104,-0.2697116943672107,-0.3726997371186761,-0.18497264956150053,-5.091797686662325,15.127762838800459,81836.28013243907,71.0,61.97183098591549,0.7848081564812981,-255.82704038818224,-5.091797686662325,-0.6598438501585392,-0.2609341409351618,17.055171526262402,0.04241203536312875,0.061568532767768885,-0.009311905585265097,-0.15881614699305713,11.320890062244281,99739.06585906484,30.0,60.0,0.9897985712201888,-8.69780469783791,-0.15881614699305713,-0.01529941463991508,0.7676767676767677,0.3409090909090909,0.34090909090909083
clv_dip,mean_reversion,0.3,200,20,-5.35871901843074,29.696139821047364,-0.006271830664530183,-0.00875084874898532,-0.048008295592304795,-1.425661058479255,16.323552692001687,94641.28098156926,47.0,53.191489361702125,0.9206173182099829,-114.01529826448359,-1.425661058479255,-0.1804517035117375,3.014634963705161,16.94712127832554,0.20902566461760075,0.3055410157995633,0.10758316408401568,1.82322492923781,12.187527217587741,103014.63496370516,23.0,60.86956521739131,1.128993999262226,131.07108537848603,1.82322492923781,0.17788478138530334,0.8973063973063975,0.5547138047138046,0.5547138047138045
