strategy,category,param_vwap_window,param_adx_window,param_adx_threshold,is_total_return_pct,is_max_drawdown_pct,is_sharpe_ratio,is_sortino_ratio,is_calmar_ratio,is_annualized_return_pct,is_annualized_volatility_pct,is_final_value,is_total_trades,is_win_rate_pct,is_profit_factor,is_expectancy,is_cagr_pct,is_recovery_factor,oos_total_return_pct,oos_max_drawdown_pct,oos_sharpe_ratio,oos_sortino_ratio,oos_calmar_ratio,oos_annualized_return_pct,oos_annualized_volatility_pct,oos_final_value,oos_total_trades,oos_win_rate_pct,oos_profit_factor,oos_expectancy,oos_cagr_pct,oos_recovery_factor,is_composite,oos_composite,robust_score
vwap_adx_trend,trend,15,10,15.0,12.161145257667203,12.505871882831066,0.3970193398979743,0.6175673788006214,0.2428730421680248,3.037339149146745,8.427948141345176,112161.1452576672,14.0,35.714285714285715,1.6861507282790498,868.6532326905142,3.037339149146745,0.9724348187480532,-7.2388123693312805,8.521811593058414,-0.9147003359796722,-1.1215220004758548,-0.5243284389338516,-4.468228169476718,4.867218220960208,92761.18763066872,7.0,28.57142857142857,0.10213250668905421,-1034.1160527616114,-4.468228169476718,-0.8494452488515208,0.45557851239669417,0.2467700237903753,0.24677002379037533
vwap_adx_trend,trend,15,10,20.0,12.729947577232961,8.816928166527427,0.5388285642199464,0.9446918878983502,0.35991177743118996,3.1733162878980092,6.145210966741289,112729.94757723296,10.0,40.0,2.2760686820238347,1272.9947577232965,3.1733162878980092,1.4438075639042762,-6.774435184365066,8.06385730524395,-1.0052826663357652,-1.174197224104601,-0.5180621234431287,-4.177579038697066,4.158262963061367,93225.56481563493,5.0,20.0,0.08178738321652024,-1354.8870368730113,-4.177579038697066,-0.8400985940016115,0.5816115702479339,0.20192935291721373,0.2019293529172137
vwap_adx_trend,trend,15,10,25.0,-3.976263787737305,9.849356662191344,-0.32363405067483275,-0.42418612969549374,-0.1068360964521621,-1.05226681835362,3.1181087947428603,96023.7362122627,5.0,20.0,0.3002699896266283,-795.2527575474601,-1.05226681835362,-0.40370797038967643,-6.043023622979002,6.043023622979016,-1.439540230676093,-1.438600141408229,-0.6157419234080111,-3.7209429888131473,2.6100516808241307,93956.976377021,3.0,0.0,0.0,-2014.341207659665,-3.7209429888131473,-0.9999999999999978,0.14220053726341036,0.09216149035926646,0.09216149035926646
vwap_adx_trend,trend,15,14,15.0,13.070091988704762,7.9896132269612,0.5628611476222318,1.0021777639535352,0.40732742453661996,3.2543885787818194,6.007517934721897,113070.09198870476,9.0,33.33333333333333,2.4007167815364894,1452.232443189421,3.2543885787818194,1.6358854449423568,-8.274531648428514,9.064119907682567,-1.2879380185504457,-1.489832859194733,-0.5647029897653794,-5.11853561146024,4.016333118754499,91725.46835157149,6.0,16.666666666666664,0.06721457763859905,-1379.088608071416,-5.11853561146024,-0.9128885906965094,0.5952138323168169,0.13968910675715013,0.1396891067571501
vwap_adx_trend,trend,15,14,20.0,-3.4744632994202114,8.831113134239532,-0.2780616324985583,-0.37046286194618067,-0.10391850979836105,-0.9177161167709058,3.138267687720854,96525.53670057979,5.0,20.0,0.32802543785966587,-694.8926598840465,-0.9177161167709058,-0.39343435494549417,-8.274531648428514,9.064119907682567,-1.2879380185504457,-1.489832859194733,-0.5647029897653794,-5.11853561146024,4.016333118754499,91725.46835157149,6.0,16.666666666666664,0.06721457763859905,-1379.088608071416,-5.11853561146024,-0.9128885906965094,0.17580271901401076,0.13968910675715013,0.13968910675715013
vwap_adx_trend,trend,15,14,25.0,-3.4744632994202114,8.831113134239532,-0.2780616324985583,-0.37046286194618067,-0.10391850979836105,-0.9177161167709058,3.138267687720854,96525.53670057979,5.0,20.0,0.32802543785966587,-694.8926598840465,-0.9177161167709058,-0.39343435494549417,-4.253345145179701,5.077548454193592,-1.2551668997878385,-1.3941926739325776,-0.5139173214168916,-2.6094401009436496,2.089051814908371,95746.6548548203,3.0,0.0,0.0,-1417.7817150598976,-2.6094401009436496,-0.8376769189995272,0.17580271901401076,0.15146948411211167,0.15146948411211167
vwap_adx_trend,trend,15,20,15.0,18.069801579313484,12.616409606878843,0.5894412341989651,0.9192129400518929,0.3507935507609432,4.425755123851505,7.871234865515353,118069.80157931348,12.0,50.0,2.5821884471376237,1505.8167982761229,4.425755123851505,1.4322459512935668,-6.3887972350067574,7.354480191456869,-1.509995442572984,-1.6963181766079176,-0.5352713789359377,-3.9366427534381576,2.636526073290942,93611.20276499324,6.0,16.666666666666664,0.0019646220800028716,-1064.7995391677937,-3.9366427534381576,-0.8686946009356487,0.584366391184573,0.163746300420461,0.163746300420461
vwap_adx_trend,trend,15,20,20.0,3.818156347700118,11.50732745452494,0.18749481654625477,0.2572875898462901,0.0853110076692083,0.9817017007250683,6.258695129630783,103818.15634770012,9.0,44.44444444444444,1.4492573064397787,424.23959418890115,0.9817017007250683,0.3318021810701783,-5.361607386455318,6.337886721335417,-1.3551582216774405,-1.5252060672508132,-0.5201688543947892,-3.296771275120991,2.451406038795211,94638.39261354468,5.0,20.0,0.0023401283861064887,-1072.3214772910662,-3.296771275120991,-0.845961378326056,0.40214502062678453,0.18751095880994714,0.18751095880994711
vwap_adx_trend,trend,15,20,25.0,8.309432765267163,7.679046667107814,0.37507038679133164,0.5282825623691854,0.27384656804758817,2.102880575664745,6.035699201198015,108309.43276526716,6.0,66.66666666666666,3.0734486145293833,1384.9054608778592,2.102880575664745,1.0820917133971233,-3.6252807107814298,4.6194718022462,-0.9882492483893481,-1.1432788323606051,-0.4808570032311483,-2.2213053673388994,2.2473593118775304,96374.71928921857,4.0,25.0,0.0034570572131260085,-906.3201776953582,-2.2213053673388994,-0.7847825175637291,0.428375430716881,0.2470013114917308,0.24700131149173077
vwap_adx_trend,trend,30,10,15.0,30.21656544711385,14.435290001068314,0.8002501433111581,1.2955209381396922,0.4936553706144004,7.126058435403726,9.119728392052656,130216.56544711386,12.0,33.33333333333333,2.9684993798661727,2518.0471205928225,7.126058435403726,2.093242702077867,3.6875317399095366,8.056868986694122,0.33364292627032144,0.4946080069804619,0.27644984608105194,2.2273201912667906,7.4269992459180285,103687.53173990954,6.0,33.33333333333333,1.6887854602084234,614.5886233182563,2.2273201912667906,0.4576879363434452,0.6804407713498624,0.5828585874090391,0.5828585874090391
vwap_adx_trend,trend,30,10,20.0,13.608508440227743,11.70404393401262,0.5455152992776143,0.940617677758852,0.28898990563767246,3.3823505520694797,6.479354478821316,113608.50844022774,10.0,30.0,2.116907499544623,1360.8508440227754,3.3823505520694797,1.162718502848459,5.810789160005588,6.174107078149982,0.5081961517106185,0.771878560476797,0.5661903038888005,3.4957195628197324,7.281392736639369,105810.78916000559,5.0,40.0,2.798774805218979,1162.157832001119,3.4957195628197324,0.9411545809708797,0.5213498622589531,0.606547461715298,0.5213498622589531
vwap_adx_trend,trend,30,10,25.0,-2.815092056776251,5.957286465328782,-0.18430421184537638,-0.2603616990637646,-0.12450282302894009,-0.7416989825255293,3.6738318346193677,97184.90794322375,6.0,16.666666666666664,0.6194155465397324,-469.18200946270895,-0.7416989825255293,-0.47254602798774203,-1.608518293214831,3.2471023669880084,-0.21188842363494656,-0.2762035478185804,-0.3023067169383042,-0.9816208561267414,4.232261536726202,98391.48170678517,2.0,0.0,0.0,-804.2591466074203,-0.9816208561267414,-0.49537036761390507,0.2184554656021952,0.22595631768453986,0.2184554656021952
vwap_adx_trend,trend,30,14,15.0,17.04496503567054,10.049233251587763,0.6783559748338724,1.2150331133931223,0.41681585497112655,4.188679749564828,6.342929059869121,117044.96503567054,8.0,37.5,2.9098208691350007,2130.620629458819,4.188679749564828,1.696145826148225,-3.0010170405401295,4.604383635294584,-0.4045994889655607,-0.5179393362005801,-0.3988590203531722,-1.8364999461037756,4.347198514605025,96998.98295945987,3.0,0.0,0.0,-1000.3390135133792,-1.8364999461037756,-0.6517738916314533,0.6046007492881662,0.24533207494894266,0.24533207494894269
vwap_adx_trend,trend,30,14,20.0,-1.4540138631145674,5.7052654899148125,-0.09257275870599918,-0.137250386396316,-0.06680442335089365,-0.38113697111751277,3.4750015190305836,98545.98613688543,5.0,20.0,0.7595860860201806,-290.8027726229109,-0.38113697111751277,-0.25485472423410005,-1.608518293214831,3.2471023669880084,-0.21188842363494656,-0.2762035478185804,-0.3023067169383042,-0.9816208561267414,4.232261536726202,98391.48170678517,2.0,0.0,0.0,-804.2591466074203,-0.9816208561267414,-0.49537036761390507,0.2510423868468769,0.22595631768453986,0.2259563176845399
vwap_adx_trend,trend,30,14,25.0,0.0,0.0,inf,inf,,0.0,0.0,100000.0,0.0,,,,0.0,,-0.4295712663449667,2.6118395060374167,-0.08343978741136518,-0.11640569228366252,-0.10013739163140783,-0.2615427954944516,2.701675596620842,99570.42873365503,1.0,0.0,0.0,-429.5712663449659,-0.2615427954944516,-0.1644707744683347,0.0,0.20087328879006996,0.0
vwap_adx_trend,trend,30,20,15.0,13.19086868363325,10.689330786105423,0.5290509250397034,0.9412777394413806,0.3071410167429895,3.2831319259465586,6.501925202618917,113190.86868363325,8.0,25.0,2.577699233546842,1648.8585854541554,3.2831319259465586,1.234021937161816,-0.4295712663449667,2.6118395060374167,-0.08343978741136518,-0.11640569228366252,-0.10013739163140783,-0.2615427954944516,2.701675596620842,99570.42873365503,1.0,0.0,0.0,-429.5712663449659,-0.2615427954944516,-0.1644707744683347,0.4940293437892098,0.20087328879006996,0.20087328879006994
vwap_adx_trend,trend,30,20,20.0,-3.9925119826734736,8.022246299063118,-0.4289229798879906,-0.5860409268171236,-0.13171276250880187,-1.0566322215756152,2.409016206680126,96007.48801732653,3.0,0.0,0.0,-1330.8373275578253,-1.0566322215756152,-0.49768005541536925,-0.4295712663449667,2.6118395060374167,-0.08343978741136518,-0.11640569228366252,-0.10013739163140783,-0.2615427954944516,2.701675596620842,99570.42873365503,1.0,0.0,0.0,-429.5712663449659,-0.2615427954944516,-0.1644707744683347,0.08468575355365687,0.20087328879006996,0.08468575355365689
vwap_adx_trend,trend,30,20,25.0,-1.3082593828185929,5.450660169697919,-0.14217466626145628,-0.20913853191095014,-0.06288118454483425,-0.3427439680219524,2.2391561004944025,98691.74061718141,1.0,0.0,0.0,-1308.2593828185888,-0.3427439680219524,-0.24001851924133036,-0.4295712663449667,2.6118395060374167,-0.08343978741136518,-0.11640569228366252,-0.10013739163140783,-0.2615427954944516,2.701675596620842,99570.42873365503,1.0,0.0,0.0,-429.5712663449659,-0.2615427954944516,-0.1644707744683347,0.10355805973898517,0.20087328879006996,0.10355805973898516
vwap_adx_trend,trend,50,10,15.0,36.427829754984295,16.018884815157364,0.6737292353540589,0.9916621394019248,0.5265916776201346,8.435411428417417,13.341873157767406,136427.8297549843,16.0,31.25,2.5320127956806915,2276.739359686522,8.435411428417417,2.274055290073352,7.687804883956197,9.71240754976046,0.47935324586823336,0.7289510335231574,0.47452080928865875,4.608739490653613,10.558681862135156,107687.8048839562,6.0,50.0,2.4914878263688465,1281.300813992696,4.608739490653613,0.791544716855071,0.6496212121212122,0.6066909474867116,0.6066909474867115
vwap_adx_trend,trend,50,10,20.0,33.307560475290025,16.018884815157364,0.6397364130361037,0.9391675611912063,0.48588196845256215,7.783287286403517,13.04715072776273,133307.56047529003,14.0,28.57142857142857,2.51980264699144,2379.1114625207133,7.783287286403517,2.0792683672819594,2.8128456964149806,8.407794358870923,0.23829255290226317,0.3653926783061863,0.20241252929586498,1.7018429219785691,8.642518009584991,102812.84569641498,4.0,50.0,1.8305851806910325,703.2114241037441,1.7018429219785691,0.334552152009664,0.6058884297520661,0.4581227223286427,0.45812272232864265
vwap_adx_trend,trend,50,10,25.0,17.948911743814342,11.627536422955764,0.578853266476866,0.8722916761883417,0.3782287889699721,4.3978690199588,7.985461124632243,117948.91174381434,6.0,50.0,4.886762814746356,2991.485290635724,4.3978690199588,1.543655602607148,5.149514453082301,4.4283402577588005,0.5502177043266376,0.850981647489754,0.7004345846286242,3.1017626690375,5.863223327081378,105149.5144530823,1.0,100.0,inf,5149.514453082299,3.1017626690375,1.162854287011922,0.4766543553493564,0.2636470520487822,0.26364705204878225
vwap_adx_trend,trend,50,14,15.0,4.601929789894915,13.026345525890893,0.17630323574686155,0.24873834603557385,0.09057855213372096,1.179907517328771,8.901279328065186,104601.92978989492,12.0,25.0,1.2819259048717315,383.4941491579091,1.179907517328771,0.35327865215522,3.6613717336330445,4.612201459871201,0.3974107132637042,0.603128718259448,0.47951711243433115,2.211629526002845,5.94836054507472,103661.37173363304,2.0,50.0,3.460363301033417,1830.6858668165178,2.211629526002845,0.7938447107068238,0.38739669421487605,0.37629963195019966,0.37629963195019966
vwap_adx_trend,trend,50,14,20.0,0.5198674994065077,6.187101576936527,0.05246024748211594,0.0742162405045649,0.021864391500142966,0.13527721112929214,4.540137923222829,100519.86749940651,5.0,40.0,1.1543080362760887,103.97349988130134,0.13527721112929214,0.08402440026916677,5.149514453082301,4.4283402577588005,0.5502177043266376,0.850981647489754,0.7004345846286242,3.1017626690375,5.863223327081378,105149.5144530823,1.0,100.0,inf,5149.514453082299,3.1017626690375,1.162854287011922,0.30607204681525146,0.2636470520487822,0.26364705204878225
vwap_adx_trend,trend,50,14,25.0,-1.5056990600289284,2.107052290509348,-0.38792970304351604,-0.44321481356582554,-0.18735243911185073,-0.39476138596313826,1.0065056453215875,98494.30093997107,2.0,0.0,0.0,-752.8495300144646,-0.39476138596313826,-0.7145997594890957,0.0,0.0,inf,inf,,0.0,0.0,100000.0,0.0,,,,0.0,,0.10040746014668475,0.0,0.0
vwap_adx_trend,trend,50,20,15.0,-1.4501404065266252,7.502887098478361,-0.08732446017037719,-0.1262898618822101,-0.0506626477272392,-0.38011612600745703,3.6148513519453904,98549.85959347337,5.0,20.0,0.6691384154522223,-290.02808130532674,-0.38011612600745703,-0.19327765265463265,0.0,0.0,inf,inf,,0.0,0.0,100000.0,0.0,,,,0.0,,0.2612691378144509,0.0,0.0
vwap_adx_trend,trend,50,20,20.0,-2.522800327744073,3.1179436848894015,-0.5970489068255301,-0.6647808702752372,-0.21294641831064465,-0.6639549401914913,1.105479574000724,97477.19967225593,3.0,0.0,0.0,-840.9334425813562,-0.6639549401914913,-0.8091231217454015,0.0,0.0,inf,inf,,0.0,0.0,100000.0,0.0,,,,0.0,,0.09769982258528787,0.0,0.0
vwap_adx_trend,trend,50,20,25.0,0.0,0.0,inf,inf,,0.0,0.0,100000.0,0.0,,,,0.0,,0.0,0.0,inf,inf,,0.0,0.0,100000.0,0.0,,,,0.0,,0.0,0.0,0.0
vwap_adx_trend,trend,80,10,15.0,93.60266959379179,16.785437365404466,1.1191758185053928,1.7052529642226877,1.1197812800748395,18.79601853964865,16.625588663704484,193602.66959379177,14.0,50.0,5.9686034385753315,6685.90497098513,18.79601853964865,5.576421248737376,-6.749955359862943,9.503760167272834,-0.4883986001171418,-0.6863727567503325,-0.4379606635971487,-4.162273109526959,8.043607631237878,93250.04464013706,6.0,0.0,0.0,-1124.9925599771575,-4.162273109526959,-0.7102404986088666,0.837465564738292,0.20601501452048393,0.20601501452048399
vwap_adx_trend,trend,80,10,20.0,79.38329530236956,16.73694676609433,1.0647855918937887,1.5902542020830044,0.9832576086136141,16.456730252723272,15.427795792698126,179383.29530236957,12.0,50.0,5.91811627225711,6615.274608530798,16.456730252723272,4.742997418333436,-5.402536129965782,8.196132119966625,-0.4510824788402134,-0.6302902295872653,-0.40533936450278263,-3.3222149848881166,6.954914040469499,94597.46387003422,5.0,0.0,0.0,-1080.5072259931555,-3.3222149848881166,-0.6591567889449519,0.8002754820936641,0.2239007278522015,0.2239007278522015
vwap_adx_trend,trend,80,10,25.0,56.032082695346894,16.73694676609433,0.9116833605038362,1.3503250041931192,0.7348063448574126,12.298414677266866,13.763190302261567,156032.0826953469,6.0,50.0,6.07204111906532,9338.680449224485,12.298414677266866,3.347807905373551,-3.608575979049332,7.747489664851914,-0.4250215482537787,-0.6224825027436764,-0.28538219840627604,-2.210995632685342,4.97098479464698,96391.42402095067,2.0,0.0,0.0,-1804.2879895246688,-2.210995632685342,-0.4657735776557898,0.5862821897358059,0.1792255344557041,0.1792255344557041
vwap_adx_trend,trend,80,14,15.0,79.67243832355557,16.73694676609433,1.0700274151102414,1.600040309811773,0.986179912041124,16.50564068962388,15.385343265969508,179672.43832355557,11.0,54.54545454545454,6.010992248692856,7242.948938505047,16.50564068962388,4.76027315119122,-3.858408566528625,7.986594788493173,-0.38101588448158485,-0.5648757154447254,-0.2961536326300406,-2.3652590589564038,5.837085079356763,96141.59143347137,3.0,0.0,0.0,-1286.1361888428767,-2.3652590589564038,-0.48311059578078197,0.8343663911845728,0.2219379688486044,0.2219379688486044
vwap_adx_trend,trend,80,14,20.0,60.07011131382097,16.73694676609432,0.9634250887263848,1.4335262142960665,0.7796504139456207,13.048967474371253,13.707650072467468,160070.111313821,5.0,60.0,7.868927890767096,12014.022262764194,13.048967474371253,3.5890722575225555,-3.608575979049332,7.747489664851914,-0.4250215482537787,-0.6224825027436764,-0.28538219840627604,-2.210995632685342,4.97098479464698,96391.42402095067,2.0,0.0,0.0,-1804.2879895246688,-2.210995632685342,-0.4657735776557898,0.568558654982985,0.1792255344557041,0.1792255344557041
vwap_adx_trend,trend,80,14,25.0,37.23494878943273,10.951506632335928,0.9583528863253707,1.4876567060974635,0.7854899721848572,8.602298640015826,9.037043027520179,137234.94878943273,2.0,50.0,10.707926048530144,18617.474394716366,8.602298640015826,3.39998413364341,0.0,0.0,inf,inf,,0.0,0.0,100000.0,0.0,,,,0.0,,0.3719080003899443,0.0,0.0
vwap_adx_trend,trend,80,20,15.0,32.40319127314413,10.951506632335917,0.8103163733799492,1.2215938372986135,0.6932535016240938,7.592170320926361,9.599728324842687,132403.19127314413,4.0,50.0,5.103438823765259,8100.7978182860315,7.592170320926361,2.958788444456491,-1.146165140414174,5.3908113228948835,-0.12546628047495684,-0.19706814514849355,-0.12963241097283507,-0.6988238688865223,4.710787120437591,98853.83485958583,1.0,0.0,0.0,-1146.1651404141794,-0.6988238688865223,-0.2126145902280771,0.4793507665310333,0.16473179254337023,0.1647317925433702
vwap_adx_trend,trend,80,20,20.0,-3.835520440029563,5.682564284316327,-0.48088122638345693,-0.5194241195494936,-0.17852435625317203,-1.0144761307248396,2.0750096167752594,96164.47955997044,1.0,0.0,0.0,-3835.5204400295565,-1.0144761307248396,-0.6749629653315953,0.0,0.0,inf,inf,,0.0,0.0,100000.0,0.0,,,,0.0,,0.0566248065870371,0.0,0.0
vwap_adx_trend,trend,80,20,25.0,0.0,0.0,inf,inf,,0.0,0.0,100000.0,0.0,,,,0.0,,0.0,0.0,inf,inf,,0.0,0.0,100000.0,0.0,,,,0.0,,0.0,0.0,0.0
