strategy,category,param_bb_window,param_squeeze_lookback,param_squeeze_quantile,param_atr_window,is_total_return_pct,is_max_drawdown_pct,is_sharpe_ratio,is_sortino_ratio,is_calmar_ratio,is_annualized_return_pct,is_annualized_volatility_pct,is_final_value,is_total_trades,is_win_rate_pct,is_profit_factor,is_expectancy,is_cagr_pct,is_recovery_factor,oos_total_return_pct,oos_max_drawdown_pct,oos_sharpe_ratio,oos_sortino_ratio,oos_calmar_ratio,oos_annualized_return_pct,oos_annualized_volatility_pct,oos_final_value,oos_total_trades,oos_win_rate_pct,oos_profit_factor,oos_expectancy,oos_cagr_pct,oos_recovery_factor,is_composite,oos_composite,robust_score
squeeze_breakout,momentum,15,80,0.15,10,13.779912571051886,14.977698711356657,0.38916298013636064,0.6075515371226206,0.2285393131346509,3.422992975831196,9.904390037078954,113779.91257105189,15.0,40.0,1.6733459101401456,918.6608380701266,3.422992975831196,0.9200286930997909,-3.0787895655881004,5.079964345608623,-0.30059363313978055,-0.4224582413335839,-0.3709449428381653,-1.8843870838017085,5.775138504096485,96921.2104344119,8.0,25.0,0.4618560852960098,-384.8486956985122,-1.8843870838017085,-0.6060651918255215,0.7954545454545456,0.4825991830226818,0.48259918302268173
squeeze_breakout,momentum,15,80,0.15,14,13.779912571051886,14.977698711356657,0.38916298013636064,0.6075515371226206,0.2285393131346509,3.422992975831196,9.904390037078954,113779.91257105189,15.0,40.0,1.6733459101401456,918.6608380701266,3.422992975831196,0.9200286930997909,-3.0787895655881004,5.079964345608623,-0.30059363313978055,-0.4224582413335839,-0.3709449428381653,-1.8843870838017085,5.775138504096485,96921.2104344119,8.0,25.0,0.4618560852960098,-384.8486956985122,-1.8843870838017085,-0.6060651918255215,0.7954545454545456,0.4825991830226818,0.48259918302268173
squeeze_breakout,momentum,15,80,0.25,10,11.818925102352004,14.977698711356657,0.34147963971012024,0.5300284993468495,0.19731219734880745,2.955282643966184,9.982880416278055,111818.925102352,16.0,37.5,1.5270230518689119,738.6828188970014,2.955282643966184,0.7891015389026652,-3.4731335174237175,5.079964345608657,-0.3188630181099801,-0.4477242530664849,-0.41878833710818575,-2.1274298208663223,6.151690518403632,96526.86648257628,9.0,22.22222222222222,0.43107405318520803,-385.90372415818956,-2.1274298208663223,-0.6836924988314231,0.699915824915825,0.4535792199433432,0.45357921994334327
squeeze_breakout,momentum,15,80,0.25,14,11.818925102352004,14.977698711356657,0.34147963971012024,0.5300284993468495,0.19731219734880745,2.955282643966184,9.982880416278055,111818.925102352,16.0,37.5,1.5270230518689119,738.6828188970014,2.955282643966184,0.7891015389026652,-3.4731335174237175,5.079964345608657,-0.3188630181099801,-0.4477242530664849,-0.41878833710818575,-2.1274298208663223,6.151690518403632,96526.86648257628,9.0,22.22222222222222,0.43107405318520803,-385.90372415818956,-2.1274298208663223,-0.6836924988314231,0.699915824915825,0.4535792199433432,0.45357921994334327
squeeze_breakout,momentum,15,80,0.35,10,14.891513006450682,16.766883515891895,0.3839772749743157,0.5927163085145679,0.2198069117619616,3.685476885500738,10.994760568157805,114891.51300645068,21.0,38.095238095238095,1.5483304631506283,709.1196669738422,3.685476885500738,0.888150322767871,-6.292364571959057,7.852265177136908,-0.5701247652556521,-0.7749244295285669,-0.4936734703988447,-3.8764550004891762,6.557658396854353,93707.63542804094,10.0,20.0,0.2948902741248772,-629.2364571959059,-3.8764550004891762,-0.8013438708463713,0.7129629629629629,0.3063973063973064,0.30639730639730633
squeeze_breakout,momentum,15,80,0.35,14,14.891513006450682,16.766883515891895,0.3839772749743157,0.5927163085145679,0.2198069117619616,3.685476885500738,10.994760568157805,114891.51300645068,21.0,38.095238095238095,1.5483304631506283,709.1196669738422,3.685476885500738,0.888150322767871,-6.292364571959057,7.852265177136908,-0.5701247652556521,-0.7749244295285669,-0.4936734703988447,-3.8764550004891762,6.557658396854353,93707.63542804094,10.0,20.0,0.2948902741248772,-629.2364571959059,-3.8764550004891762,-0.8013438708463713,0.7129629629629629,0.3063973063973064,0.30639730639730633
squeeze_breakout,momentum,15,120,0.15,10,4.0262380506463815,14.977698711356691,0.16960164915679224,0.25341440820416555,0.06906470502966926,1.0344303435231073,7.906817597190936,104026.23805064638,13.0,30.76923076923077,1.2151365708173274,309.7106192804913,1.0344303435231073,0.2688155322281604,-2.958371220741683,5.07996434560869,-0.339151789983334,-0.47506473231641516,-0.35635050822922654,-1.8102478763440066,5.0163800546469535,97041.62877925832,6.0,16.666666666666664,0.36523756215216474,-493.0618701236156,-1.8102478763440066,-0.5823606268612906,0.3367003367003367,0.3605656212883336,0.3367003367003367
squeeze_breakout,momentum,15,120,0.15,14,4.0262380506463815,14.977698711356691,0.16960164915679224,0.25341440820416555,0.06906470502966926,1.0344303435231073,7.906817597190936,104026.23805064638,13.0,30.76923076923077,1.2151365708173274,309.7106192804913,1.0344303435231073,0.2688155322281604,-2.958371220741683,5.07996434560869,-0.339151789983334,-0.47506473231641516,-0.35635050822922654,-1.8102478763440066,5.0163800546469535,97041.62877925832,6.0,16.666666666666664,0.36523756215216474,-493.0618701236156,-1.8102478763440066,-0.5823606268612906,0.3367003367003367,0.3605656212883336,0.3367003367003367
squeeze_breakout,momentum,15,120,0.25,10,8.843486787650807,15.374215515018319,0.2953279478227575,0.4473872825693369,0.14530164462915035,2.2338987992151615,8.78403803952818,108843.4867876508,17.0,35.294117647058826,1.404815579107053,520.2051051559297,2.2338987992151615,0.5752154819874898,-3.4731335174237175,5.079964345608657,-0.3188630181099801,-0.4477242530664849,-0.41878833710818575,-2.1274298208663223,6.151690518403632,96526.86648257628,9.0,22.22222222222222,0.43107405318520803,-385.90372415818956,-2.1274298208663223,-0.6836924988314231,0.6186868686868687,0.4535792199433432,0.45357921994334327
squeeze_breakout,momentum,15,120,0.25,14,8.843486787650807,15.374215515018319,0.2953279478227575,0.4473872825693369,0.14530164462915035,2.2338987992151615,8.78403803952818,108843.4867876508,17.0,35.294117647058826,1.404815579107053,520.2051051559297,2.2338987992151615,0.5752154819874898,-3.4731335174237175,5.079964345608657,-0.3188630181099801,-0.4477242530664849,-0.41878833710818575,-2.1274298208663223,6.151690518403632,96526.86648257628,9.0,22.22222222222222,0.43107405318520803,-385.90372415818956,-2.1274298208663223,-0.6836924988314231,0.6186868686868687,0.4535792199433432,0.45357921994334327
squeeze_breakout,momentum,15,120,0.35,10,5.083121725007688,16.766883515891905,0.18861530025601628,0.2818826990978915,0.07759648058641833,1.3010511512356437,8.991949309681244,105083.12172500769,19.0,31.57894736842105,1.2002024048876638,267.53272236882594,1.3010511512356437,0.3031643728060631,-2.3149508870647257,7.852265177136908,-0.13475572499696567,-0.1957004250591349,-0.18016655823254815,-1.4147155912940468,8.128851309406201,97685.04911293527,11.0,27.27272727272727,0.7474449858416005,-210.4500806422477,-1.4147155912940468,-0.2948131316050132,0.33080808080808083,0.5833333333333334,0.3308080808080808
squeeze_breakout,momentum,15,120,0.35,14,5.083121725007688,16.766883515891905,0.18861530025601628,0.2818826990978915,0.07759648058641833,1.3010511512356437,8.991949309681244,105083.12172500769,19.0,31.57894736842105,1.2002024048876638,267.53272236882594,1.3010511512356437,0.3031643728060631,-2.3149508870647257,7.852265177136908,-0.13475572499696567,-0.1957004250591349,-0.18016655823254815,-1.4147155912940468,8.128851309406201,97685.04911293527,11.0,27.27272727272727,0.7474449858416005,-210.4500806422477,-1.4147155912940468,-0.2948131316050132,0.33080808080808083,0.5833333333333334,0.3308080808080808
squeeze_breakout,momentum,15,180,0.15,10,2.2333543629750636,14.977698711356691,0.11187879640137091,0.16595426476609768,0.03855878208242695,0.5775218207074495,8.00453524196005,102233.35436297506,14.0,28.57142857142857,1.108903292954437,159.52531164107677,0.5775218207074495,0.14911198349060426,-2.4562786660128766,5.079964345608678,-0.2718389388529819,-0.38377191499397134,-0.29557429960367415,-1.501506903464922,5.090067205194941,97543.72133398712,6.0,16.666666666666664,0.4105842178689225,-409.37977766881176,-1.501506903464922,-0.4835228160875147,0.24915824915824922,0.4309835003102866,0.2491582491582492
squeeze_breakout,momentum,15,180,0.15,14,2.2333543629750636,14.977698711356691,0.11187879640137091,0.16595426476609768,0.03855878208242695,0.5775218207074495,8.00453524196005,102233.35436297506,14.0,28.57142857142857,1.108903292954437,159.52531164107677,0.5775218207074495,0.14911198349060426,-2.4562786660128766,5.079964345608678,-0.2718389388529819,-0.38377191499397134,-0.29557429960367415,-1.501506903464922,5.090067205194941,97543.72133398712,6.0,16.666666666666664,0.4105842178689225,-409.37977766881176,-1.501506903464922,-0.4835228160875147,0.24915824915824922,0.4309835003102866,0.2491582491582492
squeeze_breakout,momentum,15,180,0.25,10,6.8413870314168745,15.374215515018319,0.23818083197385073,0.35714003642314146,0.11319280248771282,1.7402505401949986,8.904192215154586,106841.38703141687,18.0,33.33333333333333,1.2868768639508705,380.07705730093744,1.7402505401949986,0.44499096716407144,1.7298097063143651,5.409056127044765,0.17518624453030313,0.26444999921686085,0.19389048230943343,1.0487645013115054,7.595588054451804,101729.80970631437,9.0,33.33333333333333,1.332869533592075,192.20107847937481,1.0487645013115054,0.31979880882830586,0.48905723905723897,0.7250879079375981,0.4890572390572389
squeeze_breakout,momentum,15,180,0.25,14,6.8413870314168745,15.374215515018319,0.23818083197385073,0.35714003642314146,0.11319280248771282,1.7402505401949986,8.904192215154586,106841.38703141687,18.0,33.33333333333333,1.2868768639508705,380.07705730093744,1.7402505401949986,0.44499096716407144,1.7298097063143651,5.409056127044765,0.17518624453030313,0.26444999921686085,0.19389048230943343,1.0487645013115054,7.595588054451804,101729.80970631437,9.0,33.33333333333333,1.332869533592075,192.20107847937481,1.0487645013115054,0.31979880882830586,0.48905723905723897,0.7250879079375981,0.4890572390572389
squeeze_breakout,momentum,15,180,0.35,10,6.4647949310615225,16.766883515891816,0.2122545302470576,0.3172382393270156,0.0982074738181418,1.6466332738987788,10.086861132399612,106464.79493106152,20.0,35.0,1.2513587133288464,323.23974655307666,1.6466332738987788,0.3855692636579795,-2.3149508870647257,7.852265177136908,-0.13475572499696567,-0.1957004250591349,-0.18016655823254815,-1.4147155912940468,8.128851309406201,97685.04911293527,11.0,27.27272727272727,0.7474449858416005,-210.4500806422477,-1.4147155912940468,-0.2948131316050132,0.4267676767676768,0.5833333333333334,0.4267676767676768
squeeze_breakout,momentum,15,180,0.35,14,6.4647949310615225,16.766883515891816,0.2122545302470576,0.3172382393270156,0.0982074738181418,1.6466332738987788,10.086861132399612,106464.79493106152,20.0,35.0,1.2513587133288464,323.23974655307666,1.6466332738987788,0.3855692636579795,-2.3149508870647257,7.852265177136908,-0.13475572499696567,-0.1957004250591349,-0.18016655823254815,-1.4147155912940468,8.128851309406201,97685.04911293527,11.0,27.27272727272727,0.7474449858416005,-210.4500806422477,-1.4147155912940468,-0.2948131316050132,0.4267676767676768,0.5833333333333334,0.4267676767676768
squeeze_breakout,momentum,20,80,0.15,10,2.7945771706932865,12.78766790639546,0.12869957709702862,0.19166819559445414,0.056396489764813124,0.7211795821988609,8.177495501778177,102794.57717069329,9.0,44.44444444444444,1.2466162455826042,310.50857452147875,0.7211795821988609,0.2185368896932053,-3.4075775769102035,6.350866727336147,-0.5346887972434079,-0.6524554586847559,-0.3286164626616245,-2.086999358772612,3.8084520606923737,96592.4224230898,3.0,0.0,0.0,-1135.8591923034007,-2.086999358772612,-0.5365531545864295,0.364141063898177,0.2088538034931315,0.20885380349313154
squeeze_breakout,momentum,20,80,0.15,14,2.7945771706932865,12.78766790639546,0.12869957709702862,0.19166819559445414,0.056396489764813124,0.7211795821988609,8.177495501778177,102794.57717069329,9.0,44.44444444444444,1.2466162455826042,310.50857452147875,0.7211795821988609,0.2185368896932053,-3.4075775769102035,6.350866727336147,-0.5346887972434079,-0.6524554586847559,-0.3286164626616245,-2.086999358772612,3.8084520606923737,96592.4224230898,3.0,0.0,0.0,-1135.8591923034007,-2.086999358772612,-0.5365531545864295,0.364141063898177,0.2088538034931315,0.20885380349313154
squeeze_breakout,momentum,20,80,0.25,10,3.7037870484334414,18.500927741959728,0.14861085596688153,0.22841773633731272,0.05149400326122936,0.952686833480243,9.245726484306608,103703.78704843344,12.0,41.66666666666667,1.19904406754956,308.648920702788,0.952686833480243,0.20019466591577068,-8.278110915988174,9.086048696599336,-1.1145845375211334,-1.3146836344632693,-0.5635879912996525,-5.120787933767246,4.619789041287256,91721.88908401183,5.0,0.0,0.0,-1655.6221831976334,-5.120787933767246,-0.9110793032714483,0.2533670033670034,0.15296838616577668,0.15296838616577668
squeeze_breakout,momentum,20,80,0.25,14,0.42351210688252466,21.04054864874524,0.06071885361652743,0.08998123580156975,0.005239560418247743,0.11024322587818158,9.948462152407432,100423.51210688252,13.0,38.46153846153847,1.0197588141221572,32.57785437557868,0.11024322587818158,0.02012837754151344,-8.278110915988174,9.086048696599336,-1.1145845375211334,-1.3146836344632693,-0.5635879912996525,-5.120787933767246,4.619789041287256,91721.88908401183,5.0,0.0,0.0,-1655.6221831976334,-5.120787933767246,-0.9110793032714483,0.0968013468013468,0.15296838616577668,0.0968013468013468
squeeze_breakout,momentum,20,80,0.35,10,23.08374932970073,14.000736246354972,0.5568275079591932,0.8670887849416348,0.3974211706602843,5.564188989132268,10.761810609713832,123083.74932970073,14.0,42.857142857142854,1.9550867331108048,1648.8392378357646,5.564188989132268,1.6487525315470806,-13.101596286822343,13.101596286822359,-1.5211128082171486,-1.7906274657461656,-0.6249717565210966,-8.188127644605647,5.515274232516601,86898.40371317766,7.0,0.0,0.0,-1871.6566124031913,-8.188127644605647,-0.9999999999999988,0.9671717171717172,0.035917223361311326,0.03591722336131131
squeeze_breakout,momentum,20,80,0.35,14,19.190462978935322,16.68058918388793,0.45923964093177605,0.6939075214082099,0.28076122757153066,4.683262695884771,11.372093364180483,119190.46297893532,15.0,40.0,1.7155396196485053,1279.3641985956876,4.683262695884771,1.150466735160154,-13.101596286822343,13.101596286822359,-1.5211128082171486,-1.7906274657461656,-0.6249717565210966,-8.188127644605647,5.515274232516601,86898.40371317766,7.0,0.0,0.0,-1871.6566124031913,-8.188127644605647,-0.9999999999999988,0.8472222222222222,0.035917223361311326,0.03591722336131131
squeeze_breakout,momentum,20,120,0.15,10,0.655027028427954,8.275298436334033,0.058361218560384835,0.08362172268456718,0.020586928418569437,0.17036297655110832,5.983843943128813,100655.02702842795,6.0,33.33333333333333,1.0794899482080673,109.17117140465439,0.17036297655110832,0.07915449013318386,-5.504037678738081,5.876396653304939,-1.0383633066286313,-1.1570525464018113,-0.5760899269531984,-3.385332918750461,3.2649669711170106,94495.96232126192,3.0,0.0,0.0,-1834.6792262460228,-3.385332918750461,-0.9366348127032168,0.16691645397796276,0.1415410986145505,0.1415410986145505
squeeze_breakout,momentum,20,120,0.15,14,0.655027028427954,8.275298436334033,0.058361218560384835,0.08362172268456718,0.020586928418569437,0.17036297655110832,5.983843943128813,100655.02702842795,6.0,33.33333333333333,1.0794899482080673,109.17117140465439,0.17036297655110832,0.07915449013318386,-5.504037678738081,5.876396653304939,-1.0383633066286313,-1.1570525464018113,-0.5760899269531984,-3.385332918750461,3.2649669711170106,94495.96232126192,3.0,0.0,0.0,-1834.6792262460228,-3.385332918750461,-0.9366348127032168,0.16691645397796276,0.1415410986145505,0.1415410986145505
squeeze_breakout,momentum,20,120,0.25,10,14.012132925418308,14.000736246354927,0.39016110161047735,0.5858613223459351,0.248414341464186,3.4779836746520187,10.057441092753292,114012.13292541831,13.0,38.46153846153847,1.6258789683354322,1077.8563788783306,3.4779836746520187,1.000814005696761,-9.963433506467613,10.318220343381102,-1.2004218940538116,-1.4357867442449166,-0.5994411989992092,-6.1851663741744005,5.205131706317345,90036.56649353239,6.0,0.0,0.0,-1660.5722510779362,-6.1851663741744005,-0.9656155010160181,0.8337542087542087,0.1075828707279838,0.10758287072798378
squeeze_breakout,momentum,20,120,0.25,14,14.012132925418308,14.000736246354927,0.39016110161047735,0.5858613223459351,0.248414341464186,3.4779836746520187,10.057441092753292,114012.13292541831,13.0,38.46153846153847,1.6258789683354322,1077.8563788783306,3.4779836746520187,1.000814005696761,-9.963433506467613,10.318220343381102,-1.2004218940538116,-1.4357867442449166,-0.5994411989992092,-6.1851663741744005,5.205131706317345,90036.56649353239,6.0,0.0,0.0,-1660.5722510779362,-6.1851663741744005,-0.9656155010160181,0.8337542087542087,0.1075828707279838,0.10758287072798378
squeeze_breakout,momentum,20,120,0.35,10,8.807349118712184,18.31720384224119,0.26265355942097257,0.387910660891467,0.12147313850054244,2.2250482392712323,10.45862207844473,108807.34911871218,15.0,40.0,1.322360569079359,587.1566079141442,2.2250482392712323,0.4808238852701748,-9.963433506467613,10.318220343381102,-1.2004218940538116,-1.4357867442449166,-0.5994411989992092,-6.1851663741744005,5.205131706317345,90036.56649353239,6.0,0.0,0.0,-1660.5722510779362,-6.1851663741744005,-0.9656155010160181,0.4877946127946128,0.1075828707279838,0.10758287072798378
squeeze_breakout,momentum,20,120,0.35,14,5.365642398744472,18.317203842241213,0.17835272061575816,0.25732329914070506,0.07490154448703336,1.3719868584676886,11.084990455933195,105365.64239874447,16.0,37.5,1.181147271869971,335.3526499215277,1.3719868584676886,0.2929291198021606,-9.963433506467613,10.318220343381102,-1.2004218940538116,-1.4357867442449166,-0.5994411989992092,-6.1851663741744005,5.205131706317345,90036.56649353239,6.0,0.0,0.0,-1660.5722510779362,-6.1851663741744005,-0.9656155010160181,0.31228956228956234,0.1075828707279838,0.10758287072798378
squeeze_breakout,momentum,20,180,0.15,10,15.704390087066727,13.921045785108054,0.47176244700299824,0.7151184804381665,0.27844436596937966,3.8762367672651177,8.899475187589426,115704.39008706673,11.0,36.36363636363637,1.8280100635306424,1427.6718260969756,3.8762367672651177,1.128104190553442,-2.2434173643692046,2.722262438094214,-0.4876874406051514,-0.5734441769354696,-0.5035534449403049,-1.3708046287339348,2.7522736406121946,97756.5826356308,2.0,0.0,0.0,-1121.7086821845992,-1.3708046287339348,-0.8241003266164755,0.9124579124579124,0.18935053748861852,0.18935053748861846
squeeze_breakout,momentum,20,180,0.15,14,15.704390087066727,13.921045785108054,0.47176244700299824,0.7151184804381665,0.27844436596937966,3.8762367672651177,8.899475187589426,115704.39008706673,11.0,36.36363636363637,1.8280100635306424,1427.6718260969756,3.8762367672651177,1.128104190553442,-2.2434173643692046,2.722262438094214,-0.4876874406051514,-0.5734441769354696,-0.5035534449403049,-1.3708046287339348,2.7522736406121946,97756.5826356308,2.0,0.0,0.0,-1121.7086821845992,-1.3708046287339348,-0.8241003266164755,0.9124579124579124,0.18935053748861852,0.18935053748861846
squeeze_breakout,momentum,20,180,0.25,10,17.225715805048765,14.000736246354927,0.46414480456490603,0.7015079383944627,0.302170107213073,4.230603972623026,10.004207519428736,117225.71580504876,12.0,41.66666666666667,1.8983731233372096,1435.4763170873962,4.230603972623026,1.2303435692200442,-9.963433506467613,10.318220343381102,-1.2004218940538116,-1.4357867442449166,-0.5994411989992092,-6.1851663741744005,5.205131706317345,90036.56649353239,6.0,0.0,0.0,-1660.5722510779362,-6.1851663741744005,-0.9656155010160181,0.9347643097643097,0.1075828707279838,0.10758287072798378
squeeze_breakout,momentum,20,180,0.25,14,17.225715805048765,14.000736246354927,0.46414480456490603,0.7015079383944627,0.302170107213073,4.230603972623026,10.004207519428736,117225.71580504876,12.0,41.66666666666667,1.8983731233372096,1435.4763170873962,4.230603972623026,1.2303435692200442,-9.963433506467613,10.318220343381102,-1.2004218940538116,-1.4357867442449166,-0.5994411989992092,-6.1851663741744005,5.205131706317345,90036.56649353239,6.0,0.0,0.0,-1660.5722510779362,-6.1851663741744005,-0.9656155010160181,0.9347643097643097,0.1075828707279838,0.10758287072798378
squeeze_breakout,momentum,20,180,0.35,10,14.00818657341716,14.412881670042854,0.3724639864344784,0.5531952984694691,0.24124598636283348,3.477049854820291,10.71695524029639,114008.18657341716,16.0,43.75,1.5022852453386277,875.5116608385733,3.477049854820291,0.9719212919462974,-6.141838072152386,11.079454237936437,-0.5087925836938787,-0.6938899615770835,-0.341402505252485,-3.7825534336617617,7.085558977652603,93858.16192784761,7.0,14.285714285714285,0.40318987405860107,-877.4054388789103,-3.7825534336617617,-0.5543448206250556,0.7752525252525253,0.27959093479295294,0.2795909347929529
squeeze_breakout,momentum,20,180,0.35,14,14.00818657341716,14.412881670042854,0.3724639864344784,0.5531952984694691,0.24124598636283348,3.477049854820291,10.71695524029639,114008.18657341716,16.0,43.75,1.5022852453386277,875.5116608385733,3.477049854820291,0.9719212919462974,-6.141838072152386,11.079454237936437,-0.5087925836938787,-0.6938899615770835,-0.341402505252485,-3.7825534336617617,7.085558977652603,93858.16192784761,7.0,14.285714285714285,0.40318987405860107,-877.4054388789103,-3.7825534336617617,-0.5543448206250556,0.7752525252525253,0.27959093479295294,0.2795909347929529
squeeze_breakout,momentum,30,80,0.15,10,8.338530782481989,16.047105150387353,0.2753687406994898,0.42618698190144155,0.13148984766035995,2.1100314116142105,9.070332889258976,108338.53078248199,8.0,37.5,1.3237236024778614,1042.3163478102488,2.1100314116142105,0.5196283506798551,3.965508577284069,9.858975849027097,0.31448617100101806,0.4625579871853308,0.24281973535229306,2.3939539065054083,8.731591686365975,103965.50857728407,6.0,33.33333333333333,1.3718056126126008,660.9180962140081,2.3939539065054083,0.40222317591693796,0.5033035161476799,0.6080062239626963,0.5033035161476799
squeeze_breakout,momentum,30,80,0.15,14,8.338530782481989,16.047105150387353,0.2753687406994898,0.42618698190144155,0.13148984766035995,2.1100314116142105,9.070332889258976,108338.53078248199,8.0,37.5,1.3237236024778614,1042.3163478102488,2.1100314116142105,0.5196283506798551,2.6897483906181296,10.965095862970154,0.22937215112790618,0.33522019710140727,0.14844836504361922,1.6277505534044723,8.675929803940235,102689.74839061813,6.0,33.33333333333333,1.225247483677244,448.29139843635176,1.6277505534044723,0.24530094622351512,0.5033035161476799,0.5382403623390948,0.50330351614768
squeeze_breakout,momentum,30,80,0.25,10,8.338530782481989,16.047105150387353,0.2753687406994898,0.42618698190144155,0.13148984766035995,2.1100314116142105,9.070332889258976,108338.53078248199,8.0,37.5,1.3237236024778614,1042.3163478102488,2.1100314116142105,0.5196283506798551,3.372623455811103,11.95368350872088,0.2429619846928815,0.3602363367086399,0.17051951589289582,2.0383363250439768,10.6180498466781,103372.6234558111,9.0,33.33333333333333,1.251898932485904,374.735939534567,2.0383363250439768,0.2821409361683857,0.5033035161476799,0.6703868928564026,0.5033035161476799
squeeze_breakout,momentum,30,80,0.25,14,8.338530782481989,16.047105150387353,0.2753687406994898,0.42618698190144155,0.13148984766035995,2.1100314116142105,9.070332889258976,108338.53078248199,8.0,37.5,1.3237236024778614,1042.3163478102488,2.1100314116142105,0.5196283506798551,2.104138559225408,13.034099376437858,0.17251077764748482,0.25467795666700704,0.09780453444919897,1.2747940214770992,10.572291975975366,102104.13855922541,9.0,33.33333333333333,1.14355585824379,233.79317324726753,1.2747940214770992,0.16143336784965165,0.5033035161476799,0.5929270612815711,0.5033035161476798
squeeze_breakout,momentum,30,80,0.35,10,6.112563130611539,21.279394261014374,0.20419961502101364,0.3114741073202807,0.07325631072799639,1.558849918088412,10.027921046500179,106112.56313061154,11.0,36.36363636363637,1.177913083594253,555.6875573283232,1.558849918088412,0.28725268471623105,3.372623455811103,11.95368350872088,0.2429619846928815,0.3602363367086399,0.17051951589289582,2.0383363250439768,10.6180498466781,103372.6234558111,9.0,33.33333333333333,1.251898932485904,374.735939534567,2.0383363250439768,0.2821409361683857,0.3291245791245791,0.6703868928564026,0.32912457912457904
squeeze_breakout,momentum,30,80,0.35,14,6.112563130611539,21.279394261014374,0.20419961502101364,0.3114741073202807,0.07325631072799639,1.558849918088412,10.027921046500179,106112.56313061154,11.0,36.36363636363637,1.177913083594253,555.6875573283232,1.558849918088412,0.28725268471623105,2.104138559225408,13.034099376437858,0.17251077764748482,0.25467795666700704,0.09780453444919897,1.2747940214770992,10.572291975975366,102104.13855922541,9.0,33.33333333333333,1.14355585824379,233.79317324726753,1.2747940214770992,0.16143336784965165,0.3291245791245791,0.5929270612815711,0.32912457912457915
squeeze_breakout,momentum,30,120,0.15,10,-2.7010330796555357,15.790283693619521,-0.05426631738315292,-0.0774627528020522,-0.04504928081095863,-0.7113409241985669,7.6987466462604335,97298.96692034446,6.0,16.666666666666664,0.8870307606264509,-450.17217994259227,-0.7113409241985669,-0.17105665306994827,8.491851124324487,5.8761106778602805,0.6851176466242616,1.040972531086826,0.8650602661374431,5.083189866842885,7.664882706876584,108491.85112432449,4.0,50.0,2.383217868202326,2122.962781081119,5.083189866842885,1.4451482604505161,0.07041787902195301,0.5909306738698485,0.07041787902195296
squeeze_breakout,momentum,30,120,0.15,14,-2.7010330796555357,15.790283693619521,-0.05426631738315292,-0.0774627528020522,-0.04504928081095863,-0.7113409241985669,7.6987466462604335,97298.96692034446,6.0,16.666666666666664,0.8870307606264509,-450.17217994259227,-0.7113409241985669,-0.17105665306994827,8.491851124324487,5.8761106778602805,0.6851176466242616,1.040972531086826,0.8650602661374431,5.083189866842885,7.664882706876584,108491.85112432449,4.0,50.0,2.383217868202326,2122.962781081119,5.083189866842885,1.4451482604505161,0.07041787902195301,0.5909306738698485,0.07041787902195296
squeeze_breakout,momentum,30,120,0.25,10,1.9574510578629851,17.182872048838572,0.10161086271859426,0.1479778288011418,0.029487749931996158,0.5066842340896383,8.65345209154625,101957.45105786299,8.0,25.0,1.0724219068789924,244.68138223287133,0.5066842340896383,0.11391873560481372,7.039181907126229,10.005672142447587,0.4641839683265582,0.7040188256334378,0.42225940220719865,4.224989137551138,9.985527067746736,107039.18190712623,7.0,42.857142857142854,1.7240289869489032,1005.5974153037489,4.224989137551138,0.703519144632327,0.11820292002271617,0.6898219663216556,0.11820292002271615
squeeze_breakout,momentum,30,120,0.25,14,1.9574510578629851,17.182872048838572,0.10161086271859426,0.1479778288011418,0.029487749931996158,0.5066842340896383,8.65345209154625,101957.45105786299,8.0,25.0,1.0724219068789924,244.68138223287133,0.5066842340896383,0.11391873560481372,5.725704691854436,11.109992046977125,0.3903654793930329,0.5892019358898622,0.31008882120458015,3.445084337439397,9.937286032938832,105725.70469185444,7.0,42.857142857142854,1.518834052880618,817.9578131220642,3.445084337439397,0.5153653276837693,0.11820292002271617,0.6517919651155615,0.11820292002271615
squeeze_breakout,momentum,30,120,0.35,10,2.207717702115915,17.182872048838572,0.10779330687736098,0.15892109038900643,0.033227601374497526,0.5709456229078036,9.197467361956027,102207.71770211592,10.0,30.0,1.073110751673423,220.7717702115906,0.5709456229078036,0.128483625778098,3.372623455811103,11.95368350872088,0.2429619846928815,0.3602363367086399,0.17051951589289582,2.0383363250439768,10.6180498466781,103372.6234558111,9.0,33.33333333333333,1.251898932485904,374.735939534567,2.0383363250439768,0.2821409361683857,0.16245791245791247,0.6703868928564026,0.16245791245791252
squeeze_breakout,momentum,30,120,0.35,14,2.207717702115915,17.182872048838572,0.10779330687736098,0.15892109038900643,0.033227601374497526,0.5709456229078036,9.197467361956027,102207.71770211592,10.0,30.0,1.073110751673423,220.7717702115906,0.5709456229078036,0.128483625778098,2.104138559225408,13.034099376437858,0.17251077764748482,0.25467795666700704,0.09780453444919897,1.2747940214770992,10.572291975975366,102104.13855922541,9.0,33.33333333333333,1.14355585824379,233.79317324726753,1.2747940214770992,0.16143336784965165,0.16245791245791247,0.5929270612815711,0.16245791245791244
squeeze_breakout,momentum,30,180,0.15,10,4.85120291294741,15.790283693619521,0.2023092227607175,0.29765703403379207,0.07870125758761037,1.2427151843529938,7.488774970672591,104851.20291294741,5.0,20.0,1.2694604637464597,970.2405825894843,1.2427151843529938,0.3072270902205301,8.491851124324487,5.8761106778602805,0.6851176466242616,1.040972531086826,0.8650602661374431,5.083189866842885,7.664882706876584,108491.85112432449,4.0,50.0,2.383217868202326,2122.962781081119,5.083189866842885,1.4451482604505161,0.28569970957032226,0.5909306738698485,0.2856997095703222
squeeze_breakout,momentum,30,180,0.15,14,4.85120291294741,15.790283693619521,0.2023092227607175,0.29765703403379207,0.07870125758761037,1.2427151843529938,7.488774970672591,104851.20291294741,5.0,20.0,1.2694604637464597,970.2405825894843,1.2427151843529938,0.3072270902205301,8.491851124324487,5.8761106778602805,0.6851176466242616,1.040972531086826,0.8650602661374431,5.083189866842885,7.664882706876584,108491.85112432449,4.0,50.0,2.383217868202326,2122.962781081119,5.083189866842885,1.4451482604505161,0.28569970957032226,0.5909306738698485,0.2856997095703222
squeeze_breakout,momentum,30,180,0.25,10,13.51028976687118,17.182872048838583,0.41750991191962444,0.6380558439404878,0.19548775231998364,3.3590410352293265,8.84865375739501,113510.28976687118,8.0,37.5,1.6310408568486117,1688.7862208589,3.3590410352293265,0.7862649345505871,6.498392753495616,7.6055682649482925,0.5167448283047452,0.7704059006134898,0.5133529207303641,3.9043406826253735,8.035180121181426,106498.39275349562,5.0,40.0,1.7990490272921842,1299.6785506991223,3.9043406826253735,0.854425669077838,0.6335525936249404,0.6112783369348354,0.6112783369348354
squeeze_breakout,momentum,30,180,0.25,14,13.51028976687118,17.182872048838583,0.41750991191962444,0.6380558439404878,0.19548775231998364,3.3590410352293265,8.84865375739501,113510.28976687118,8.0,37.5,1.6310408568486117,1688.7862208589,3.3590410352293265,0.7862649345505871,6.498392753495616,7.6055682649482925,0.5167448283047452,0.7704059006134898,0.5133529207303641,3.9043406826253735,8.035180121181426,106498.39275349562,5.0,40.0,1.7990490272921842,1299.6785506991223,3.9043406826253735,0.854425669077838,0.6335525936249404,0.6112783369348354,0.6112783369348354
squeeze_breakout,momentum,30,180,0.35,10,9.295904840546093,17.59791994792389,0.2820170234626929,0.420027072443614,0.1332270031477232,2.344518136295437,9.979365522828935,109295.90484054609,11.0,36.36363636363637,1.3008567085276332,845.082258231465,2.344518136295437,0.5282388411843397,1.4865400230559607,11.953683508720758,0.1411578074376645,0.20720764827839272,0.07543258626133642,0.9016972624122932,9.642620224371539,101486.54002305596,8.0,25.0,1.11309207414381,185.81750288199464,0.9016972624122932,0.12435832201609336,0.5319865319865319,0.5311602552613137,0.5311602552613137
squeeze_breakout,momentum,30,180,0.35,14,9.295904840546093,17.59791994792389,0.2820170234626929,0.420027072443614,0.1332270031477232,2.344518136295437,9.979365522828935,109295.90484054609,11.0,36.36363636363637,1.3008567085276332,845.082258231465,2.344518136295437,0.5282388411843397,0.24119924594958136,13.034099376437746,0.06309282014528698,0.09212857469992493,0.011252047955470319,0.1466603112400433,9.591946808015663,100241.19924594958,8.0,25.0,1.0167617601720562,30.149905743697673,0.1466603112400433,0.018505248347699937,0.5319865319865319,0.5085737100340432,0.5085737100340432
