strategy,category,param_fast_window,param_slow_window,param_er_window,param_er_floor,is_total_return_pct,is_max_drawdown_pct,is_sharpe_ratio,is_sortino_ratio,is_calmar_ratio,is_annualized_return_pct,is_annualized_volatility_pct,is_final_value,is_total_trades,is_win_rate_pct,is_profit_factor,is_expectancy,is_cagr_pct,is_recovery_factor,oos_total_return_pct,oos_max_drawdown_pct,oos_sharpe_ratio,oos_sortino_ratio,oos_calmar_ratio,oos_annualized_return_pct,oos_annualized_volatility_pct,oos_final_value,oos_total_trades,oos_win_rate_pct,oos_profit_factor,oos_expectancy,oos_cagr_pct,oos_recovery_factor,is_composite,oos_composite,robust_score
efficient_pullback,hybrid,10,50,15,0.2,18.894229702114302,21.75228413105025,0.3735152598950596,0.5459743810573731,0.21217855987902134,4.615368321005531,15.150213923531124,118894.2297021143,60.0,35.0,1.2531270625656963,314.90382836857066,4.615368321005531,0.8686089970268353,-0.5129605127673712,14.810562933806782,0.01910985227148223,0.028101250580528273,-0.021090703864450822,-0.3123651969027308,10.067101874049271,99487.03948723263,22.0,36.36363636363637,0.9777120959821756,-23.31638694397202,-0.3123651969027308,-0.03463477486034518,0.25940429940429943,0.4243607243607244,0.25940429940429943
efficient_pullback,hybrid,10,50,15,0.3,13.701438905847827,17.641296908943715,0.3197168323862229,0.4719399874543991,0.19297851867314744,3.404391344961133,13.18811080369507,113701.43890584783,47.0,38.297872340425535,1.2421802896859744,291.5199767201666,3.404391344961133,0.776668460180018,-4.875905607227178,17.320072282566635,-0.2777140756741239,-0.39998357727604644,-0.1729299267342146,-2.995158830855549,9.372336450280422,95124.09439277282,15.0,26.666666666666668,0.7694988874108596,-325.06037381514375,-2.995158830855549,-0.2815176246195565,0.24974617974617974,0.17707889707889712,0.17707889707889712
efficient_pullback,hybrid,10,50,15,0.4,4.1622942704778545,16.327433316974037,0.15390095746372026,0.22588299920612415,0.065464381709123,1.0688653269926407,10.455888146838253,104162.29427047785,27.0,29.629629629629626,1.1049672744292374,154.15904705473417,1.0688653269926407,0.254926429015069,-0.3555948414790619,12.19013994109066,0.01518185477929613,0.02276223908760446,-0.017757883411672434,-0.21647108384585945,8.293404714436416,99644.40515852094,11.0,36.36363636363637,0.9788286290333266,-32.326803770822835,-0.21647108384585945,-0.02917069395408816,0.16044548044548046,0.43939393939393945,0.16044548044548046
efficient_pullback,hybrid,10,50,20,0.2,37.221460787532195,19.686677949272568,0.665238111735358,0.985580857692276,0.43681903725256294,8.599515708502503,13.841065534449012,137221.4607875322,40.0,42.5,1.7018574100571928,930.5365196883049,8.599515708502503,1.890692827070275,-11.779156194838666,24.368681381195834,-0.6888132888052244,-0.9639090958198557,-0.3012338186774719,-7.340670948592232,10.299065747738219,88220.84380516133,19.0,21.052631578947366,0.6036117880494836,-619.955589202036,-7.340670948592232,-0.48337273611891396,0.4011266511266511,0.050954590954590956,0.05095459095459093
efficient_pullback,hybrid,10,50,20,0.3,31.08005391116018,19.62801859273767,0.6938583627840939,1.0618484930789795,0.3724680679486095,7.310810162896386,11.047316371992979,131080.05391116018,24.0,41.66666666666667,1.8600806415110354,1295.0022462983409,7.310810162896386,1.5834534578370403,1.2699645323581208,11.284788219797381,0.13346622177552403,0.2000631881506995,0.06829119026247085,0.7706516193898727,8.362082043293057,101269.96453235812,11.0,45.45454545454545,1.1072304165985276,115.45132112346687,0.7706516193898727,0.11253773731705202,0.39167961667961665,0.5597442897442897,0.3916796166796166
efficient_pullback,hybrid,10,50,20,0.4,34.70284329359865,16.556840031811994,0.8405563190030199,1.3162700692453273,0.4877908848938257,8.07627565016309,9.812089049779217,134702.84329359865,14.0,50.0,2.8058565899347223,2478.7745209713325,8.07627565016309,2.0959822784372664,-2.917653235746489,10.912887932268312,-0.2151466067048345,-0.31011194188908353,-0.1635851827404555,-1.7851867666262233,7.178269707123321,97082.34676425351,8.0,50.0,0.7408587687955674,-364.7066544683114,-1.7851867666262233,-0.26735848969174164,0.5452512302512303,0.2455837097385027,0.24558370973850266
efficient_pullback,hybrid,10,50,30,0.2,50.848498581831045,11.601177785673366,0.8550069472631,1.3199146608136867,0.9752104151114714,11.313589404148505,13.619066597169011,150848.49858183105,22.0,54.54545454545454,4.086936144348276,2311.29539008323,11.313589404148505,4.383046232135615,3.994435508172188,13.276614402695252,0.27636348153715645,0.418529814591783,0.18161890553419294,2.4112841770170146,10.676294142992466,103994.43550817219,13.0,38.46153846153847,1.2678660733409408,307.2642698593975,2.4112841770170146,0.3008625080925215,0.6912017612017612,0.6131922831922831,0.6131922831922831
efficient_pullback,hybrid,10,50,30,0.3,15.039878129657518,14.099684807251379,0.40313450978844906,0.588695265437198,0.2638618110670722,3.7203683687162314,10.403807588211118,115039.87812965752,14.0,64.28571428571429,1.9591578787050787,1074.2770092612511,3.7203683687162314,1.06668186808847,-3.1699981197626035,12.613071752850225,-0.19676808482348435,-0.2893593636248444,-0.15385359331952264,-1.940566411972977,8.239625669916274,96830.0018802374,7.0,42.857142857142854,0.6291527470059218,-452.85687425180254,-1.940566411972977,-0.25132641610845247,0.363995078995079,0.20701872888777356,0.2070187288877736
efficient_pullback,hybrid,10,50,30,0.4,9.350888488915254,7.69215189161142,0.3165119451707401,0.47004185771443485,0.30653827008941925,2.357938934119619,8.50404200236374,109350.88848891525,9.0,44.44444444444444,2.7901744248173403,1038.9876098794707,2.357938934119619,1.2156401252441138,-8.282766149547243,10.835332882531823,-1.0932207137610068,-1.3774243846914231,-0.4728712477253868,-5.123717379682735,4.709307992266008,91717.23385045276,4.0,25.0,0.07237238995862771,-2070.6915373868105,-5.123717379682735,-0.7644219369485454,0.3623633576921694,0.05040421383605903,0.05040421383605903
efficient_pullback,hybrid,10,60,15,0.2,31.128306083452145,19.016527466485233,0.546460974205636,0.8162149886982296,0.38498656606254955,7.321107607756305,14.980516198165628,131128.30608345213,61.0,36.0655737704918,1.4123704419914822,510.30009972872335,7.321107607756305,1.6369080074326259,-1.2246696334767766,13.588501917830321,-0.024236637927861574,-0.03536630996649317,-0.05495854879546941,-0.7468043457084073,10.06933382803023,98775.33036652322,24.0,37.5,0.950130132019983,-51.027901394865694,-0.7468043457084073,-0.09012543405316896,0.3545791245791246,0.38540540540540547,0.35457912457912455
efficient_pullback,hybrid,10,60,15,0.3,13.294311218664967,16.045578197348785,0.31446147508799,0.46621391708763693,0.20614601095376808,3.307731938830205,13.054788590505856,113294.31121866497,48.0,37.5,1.2371376266579246,276.96481705551946,3.307731938830205,0.8285342575477641,-8.147156779136495,18.43460201479178,-0.5064434399897857,-0.7153462240852906,-0.273312379598784,-5.038404943619279,9.346842206812623,91852.8432208635,17.0,23.52941176470588,0.6545121503285928,-479.24451641979374,-5.038404943619279,-0.4419491547796519,0.24406630406630409,0.10162617162617163,0.10162617162617164
efficient_pullback,hybrid,10,60,15,0.4,-10.799935504382578,23.593286073637643,-0.24605351998381864,-0.34847504835581267,-0.12442981278489618,-2.93570816912323,10.055456059844595,89200.06449561742,27.0,25.925925925925924,0.7161059509804524,-399.99761127343027,-2.93570816912323,-0.4577546116583594,-3.62042882327587,11.56686864626696,-0.23942387228625345,-0.3473993920918222,-0.19178144939298544,-2.218310833919357,8.027549898552582,96379.57117672413,12.0,33.33333333333333,0.7885524254135643,-301.70240193965697,-2.218310833919357,-0.3129999080990957,0.04571613571613571,0.21850850850850853,0.045716135716135725
efficient_pullback,hybrid,10,60,20,0.2,43.45200278263064,17.17260505935918,0.7642599588685725,1.1552260987152305,0.5744068705525708,9.864062331381751,13.501132027419557,143452.00278263065,41.0,41.46341463414634,1.844584283731305,1059.8049459178196,9.864062331381751,2.5303093288661533,-8.876910697460726,20.189009178417894,-0.4884570688701437,-0.6957177678249724,-0.2723303627720202,-5.4980801935661905,10.459656977857312,91123.08930253927,20.0,25.0,0.6854382503866686,-443.84553487303697,-5.4980801935661905,-0.4396902601317437,0.48516446516446526,0.10578396578396577,0.10578396578396579
efficient_pullback,hybrid,10,60,20,0.3,34.29901287440979,17.03505165260094,0.757911496565332,1.1765221902794798,0.4691332393984784,7.991708965105082,10.931169092040111,134299.0128744098,24.0,41.66666666666667,1.9927875676252966,1429.1255364337399,7.991708965105082,2.0134375623788,-0.936453636157923,11.338492881043527,-0.02840732417838483,-0.041925982648411915,-0.05033519481481824,-0.5707252480737557,8.239401981426479,99063.54636384208,12.0,41.66666666666667,0.9296658877160533,-78.03780301315965,-0.5707252480737557,-0.08259066226725341,0.45875291375291377,0.41703885703885696,0.41703885703885696
efficient_pullback,hybrid,10,60,20,0.4,34.70284329359865,16.556840031811994,0.8405563190030199,1.3162700692453273,0.4877908848938257,8.07627565016309,9.812089049779217,134702.84329359865,14.0,50.0,2.8058565899347223,2478.7745209713325,8.07627565016309,2.0959822784372664,-4.97530956237427,10.912887932268367,-0.4062598900093643,-0.5729831743022904,-0.28011263495917427,-3.056837793721867,7.033988655994554,95024.69043762573,9.0,44.44444444444444,0.6079494941804978,-552.8121735971415,-3.056837793721867,-0.4559113585014243,0.5452512302512303,0.16663727021531016,0.16663727021531016
efficient_pullback,hybrid,10,60,30,0.2,52.65812396317337,11.601177785673366,0.8795392679808601,1.3601403136033081,1.0050877509031804,11.660201688430384,13.58796301973694,152658.12396317336,22.0,54.54545454545454,4.451254922838642,2393.551089235153,11.660201688430384,4.539032582381629,5.222931671652098,8.635776523126971,0.343791332694336,0.5239386025451533,0.3642462302726849,3.1455490440263523,10.652923522691056,105222.9316716521,13.0,38.46153846153847,1.4445630350012313,401.7639747424679,3.1455490440263523,0.604801624690596,0.7144755244755244,0.7337637637637637,0.7144755244755243
efficient_pullback,hybrid,10,60,30,0.3,16.419932192423076,13.069197980405256,0.43429474924783923,0.6356644912881625,0.3093790921617867,4.043336606460435,10.36366286194811,116419.93219242308,14.0,64.28571428571429,2.1286923604404735,1172.8522994587922,4.043336606460435,1.256384073226345,0.36843837412897845,9.799326808580144,0.06863527508841274,0.10466231778282833,0.022855845772258285,0.22397190220886376,8.501791956330033,100368.43837412898,6.0,50.0,1.0733497469363265,61.40639568816141,0.22397190220886376,0.03759833520465705,0.4170745920745921,0.4280081863227824,0.4170745920745921
efficient_pullback,hybrid,10,60,30,0.4,9.350888488915254,7.69215189161142,0.3165119451707401,0.47004185771443485,0.30653827008941925,2.357938934119619,8.50404200236374,109350.88848891525,9.0,44.44444444444444,2.7901744248173403,1038.9876098794707,2.357938934119619,1.2156401252441138,-8.282766149547243,10.835332882531823,-1.0932207137610068,-1.3774243846914231,-0.4728712477253868,-5.123717379682735,4.709307992266008,91717.23385045276,4.0,25.0,0.07237238995862771,-2070.6915373868105,-5.123717379682735,-0.7644219369485454,0.3623633576921694,0.05040421383605903,0.05040421383605903
efficient_pullback,hybrid,10,100,15,0.2,49.872216146817316,14.984813901684735,0.7883132701776434,1.1856281550612564,0.7424393793277912,11.125315932509272,14.76376679673847,149872.2161468173,56.0,48.214285714285715,1.7757800191498194,890.575288336023,11.125315932509272,3.328183884967047,11.958140158385532,9.98204610242157,0.7285942425331469,1.1390827206851912,0.7125798372025909,7.11300478661232,10.133799734579078,111958.14015838553,21.0,52.38095238095239,1.7231214096620169,569.4352456374056,7.11300478661232,1.197964829623916,0.5504506604506605,0.8257293657293655,0.5504506604506605
efficient_pullback,hybrid,10,100,15,0.3,16.621712448539924,14.07063856537858,0.3772800631526262,0.5534939215307552,0.2906990216591989,4.090320865075747,12.794260351141762,116621.71244853993,48.0,45.83333333333333,1.318422731133573,346.28567601124837,4.090320865075747,1.1813047695957717,0.16835950302387936,12.339840301823779,0.057068984473499645,0.08533012545022019,0.008297105445267534,0.10238495616199383,9.231480042166472,100168.35950302388,14.0,35.714285714285715,1.0096473856898025,12.025678787418428,0.10238495616199383,0.013643572275323248,0.3273374773374773,0.48550368550368556,0.3273374773374773
efficient_pullback,hybrid,10,100,15,0.4,-2.169181408019809,18.756761624577255,-0.009735076958929384,-0.01376990463998861,-0.030395922307622593,-0.5701290690832472,9.761644346705758,97830.81859198019,28.0,42.857142857142854,0.9353122664291226,-77.47076457213643,-0.5701290690832472,-0.11564797012601043,-1.0937935767964373,10.764268043543856,-0.04803884579365274,-0.07137137832544105,-0.06194788584977377,-0.6668236480178225,7.730187772063364,98906.20642320356,10.0,40.0,0.9262187055381637,-109.37935767964427,-0.6668236480178225,-0.10161337235117142,0.10734006734006735,0.41624806624806615,0.10734006734006735
efficient_pullback,hybrid,10,100,20,0.2,50.651064554272686,16.04936866022947,0.8607029258767029,1.2931178053367205,0.7025564578793867,11.275587597131253,13.46725092626538,150651.06455427269,39.0,48.717948717948715,2.1123691186367815,1298.745244981351,11.275587597131253,3.1559537092438186,-4.0276253536455915,15.763253396742227,-0.1931088857489665,-0.2826517917049171,-0.15668301512344077,-2.4698340703563915,10.243091005467202,95972.37464635441,16.0,37.5,0.8179879610099027,-251.72658460285015,-2.4698340703563915,-0.255507239037214,0.5942346542346542,0.2343161343161343,0.2343161343161343
efficient_pullback,hybrid,10,100,20,0.3,32.244666182360795,15.929622172193902,0.730374918545908,1.1190901265124624,0.4744977870942619,7.558570469953696,10.769550936238975,132244.6661823608,24.0,50.0,2.0267705018412148,1343.5277575983675,7.558570469953696,2.0241952906231364,3.39698851637014,9.854492302701502,0.28952562812972965,0.44222149986579307,0.20832797353125718,2.052966411601176,8.165908218649,103396.98851637014,9.0,66.66666666666666,1.4775329041727085,377.44316848557116,2.052966411601176,0.34471471609337934,0.4773504273504274,0.6548073013209865,0.47735042735042743
efficient_pullback,hybrid,10,100,20,0.4,38.548440538753304,16.556840031811994,0.9106900282198176,1.4331790132062063,0.5358717838329229,8.872343402483441,9.868530911162203,138548.4405387533,15.0,53.333333333333336,2.99366993172579,2569.8960359168896,8.872343402483441,2.3282486552196597,-2.7542764911933917,8.637072707351578,-0.2250899650121157,-0.3221423757275974,-0.19505138584783863,-1.6846730012374689,6.586950966987386,97245.72350880661,7.0,42.857142857142854,0.6932222853052954,-393.46807017048457,-1.6846730012374689,-0.3188900434807092,0.6132038332038333,0.22892005050327924,0.22892005050327924
efficient_pullback,hybrid,10,100,30,0.2,60.02272215387766,11.601177785673356,0.9666981841361075,1.5010069586123789,1.1240445635734748,13.040240821035498,13.641407063748536,160022.72215387766,22.0,63.63636363636363,5.328458350922371,2728.3055524489837,13.040240821035498,5.173847281954555,17.592682947855895,6.110889768441352,0.9777783848307623,1.5749473250894952,1.6954584752346482,10.360759849128588,10.662277716004377,117592.6829478559,11.0,63.63636363636363,4.89466400377409,1599.3348134414437,10.360759849128588,2.8789069373678293,0.7691634291634292,0.9491928291928292,0.7691634291634292
efficient_pullback,hybrid,10,100,30,0.3,17.459886139803828,12.292664022630472,0.45692154548073916,0.6692893983401877,0.348569486743637,4.284847589080276,10.356264922475521,117459.88613980383,13.0,69.23076923076923,2.274974141238501,1343.068164600294,4.284847589080276,1.420350064693921,3.94791179131571,6.58246982513766,0.3120731407184339,0.4910953209246587,0.3620845552706856,2.3834106592176774,8.775508345152051,103947.91179131571,7.0,57.14285714285714,1.7781760802557385,563.9873987593869,2.3834106592176774,0.5997614719385587,0.44285936285936295,0.6576129535884583,0.4428593628593629
efficient_pullback,hybrid,10,100,30,0.4,9.350888488915254,7.69215189161142,0.3165119451707401,0.47004185771443485,0.30653827008941925,2.357938934119619,8.50404200236374,109350.88848891525,9.0,44.44444444444444,2.7901744248173403,1038.9876098794707,2.357938934119619,1.2156401252441138,-8.282766149547243,10.835332882531823,-1.0932207137610068,-1.3774243846914231,-0.4728712477253868,-5.123717379682735,4.709307992266008,91717.23385045276,4.0,25.0,0.07237238995862771,-2070.6915373868105,-5.123717379682735,-0.7644219369485454,0.3623633576921694,0.05040421383605903,0.05040421383605903
efficient_pullback,hybrid,20,50,15,0.2,34.90254039637087,18.10812308053493,0.654311454656292,0.9940694214980919,0.4483084865755888,8.118025252959104,13.27342564589278,134902.54039637087,56.0,35.714285714285715,1.5316223466461671,623.2596499351935,8.118025252959104,1.927452129695808,5.271849398032718,12.380137308830053,0.3967436756406122,0.5965726788165213,0.25643634516516667,3.1747171641193006,8.865400233158253,105271.84939803272,19.0,42.10526315789473,1.3024305672703027,277.46575779119564,3.1747171641193006,0.42583125425213225,0.39617715617715615,0.6872490672490673,0.3961771561771562
efficient_pullback,hybrid,20,50,15,0.3,37.691744262740116,10.786376497707984,0.853371686985011,1.3712309287579756,0.8062418802323036,8.696428468405614,10.404593870166384,137691.74426274013,32.0,46.875,2.2992829550301237,1177.867008210629,8.696428468405614,3.494384260622583,0.4542675040367176,13.401966552046762,0.07436458739884189,0.10750598665479649,0.020601509568712466,0.2761007421615558,7.988254750396012,100454.26750403672,11.0,27.27272727272727,1.030696692882071,41.29704582151953,0.2761007421615558,0.033895585567428645,0.6054286454286454,0.4856210756210757,0.48562107562107576
efficient_pullback,hybrid,20,50,15,0.4,13.325087775024572,8.07147577906182,0.4973124902840302,0.8160312859930964,0.41071148566183235,3.3150478087019764,7.0562162989606465,113325.08777502457,12.0,33.33333333333333,1.986973965307014,1110.4239812520466,3.3150478087019764,1.6508861749410342,-0.8726326903697627,8.298771344089461,-0.10971783208189993,-0.15053229008736982,-0.06407724686696126,-0.5317624201076843,4.0955822842590415,99127.36730963024,5.0,40.0,0.8624037342072572,-174.5265380739536,-0.5317624201076843,-0.10515203446245905,0.4302162652162653,0.28547642623874364,0.2854764262387437
efficient_pullback,hybrid,20,50,20,0.2,56.93117946500762,13.414531554800945,0.9998961099768799,1.5381123200295155,0.9293476003678215,12.466762710512679,12.53610814414688,156931.17946500762,35.0,45.714285714285715,2.540091175543314,1626.6051275716443,12.466762710512679,4.243993107954071,-5.108409468557045,21.775872477750024,-0.3031397122275792,-0.4304003268844723,-0.14417168728990423,-3.1394642773270087,9.145550452600386,94891.59053144295,16.0,18.75,0.7869493666279082,-319.2755917848149,-3.1394642773270087,-0.2345903464385491,0.691052836052836,0.17246519246519246,0.17246519246519243
efficient_pullback,hybrid,20,50,20,0.3,55.057313561837674,8.313449714748888,1.2131394567477765,2.0581879101271707,1.4572873923332068,12.11508545609965,9.823252434016636,155057.31356183765,17.0,52.94117647058824,4.087795298127504,3238.6655036375087,12.11508545609965,6.622679567563933,0.5684513502924965,11.115755265823314,0.085392692679151,0.1250349346944297,0.03107516753271955,0.345423957138169,6.5237910857670975,100568.4513502925,8.0,37.5,1.0557601010292539,71.05641878656274,0.345423957138169,0.05113924665472498,0.8118453768453768,0.47836593539287897,0.478365935392879
efficient_pullback,hybrid,20,50,20,0.4,58.239237790669954,4.422277734130276,1.487085190855874,2.7818608245371763,2.8741787095421625,12.710416511119593,8.275830997123695,158239.23779066995,7.0,85.71428571428571,411.98406851263087,8319.891112952851,12.710416511119593,13.169511571195741,1.4225983213319124,6.068255099342135,0.21176295115784943,0.3108236663734884,0.14221860579972678,0.8630187798655209,4.544605559772499,101422.59832133191,4.0,50.0,1.2517298297634596,355.649580332979,0.8630187798655209,0.2344328473412625,0.8055599366588694,0.42215500295450104,0.42215500295450104
efficient_pullback,hybrid,20,50,30,0.2,40.44985647862044,10.28762825760553,0.7834657542918221,1.2070880325730227,0.9001032934307204,9.25992807626168,12.261968203307992,140449.85647862044,20.0,45.0,3.1479243013932874,2022.4928239310223,9.25992807626168,3.9318932863574565,6.415546389339885,8.188556283234128,0.43027727339521166,0.6564443117300782,0.47079881160362996,3.8551625668960643,9.934159391059426,106415.54638933988,12.0,50.0,1.5390125964178676,534.6288657783236,3.8551625668960643,0.7834771072497312,0.6184537684537684,0.7823132223132223,0.6184537684537683
efficient_pullback,hybrid,20,50,30,0.3,12.631301050205307,7.296588639943746,0.4247967195340934,0.6344264292549895,0.4316771228689015,3.1497703908488273,8.065577912402807,112631.30105020531,10.0,50.0,2.9326945911046063,1263.1301050205277,3.1497703908488273,1.731124183300909,-4.653733665064749,10.458802405402434,-0.5551673327759187,-0.7629293858038949,-0.27320479763862837,-2.8573949947103716,4.997220760229665,95346.26633493525,5.0,40.0,0.11142409527605973,-930.7467330129482,-2.8573949947103716,-0.44495856071063067,0.48043771043771044,0.11138492213137917,0.11138492213137918
efficient_pullback,hybrid,20,50,30,0.4,-5.41567032882692,7.700836081886752,-0.3254236753486975,-0.4277764610352169,-0.18713936403989143,-1.4411295669397362,4.190361215730151,94584.32967117308,5.0,20.0,0.2609212599853431,-1083.1340657653834,-1.4411295669397362,-0.7032574477939085,0.0,0.0,,,,0.0,0.0,100000.0,0.0,,,,0.0,,0.08312030140101695,0.0,0.0
efficient_pullback,hybrid,20,60,15,0.2,40.56605275609569,15.080526886596902,0.7497700644230288,1.1645354237165189,0.6155943706486977,9.283487457805384,12.957665886498651,140566.05275609568,54.0,38.88888888888889,1.655479737153179,751.2231991869567,9.283487457805384,2.6899625630553743,3.782115178324093,11.749609472862987,0.29878493416797464,0.44446601082874815,0.19439267536344665,2.284038019905532,8.872194102894447,103782.1151783241,21.0,42.857142857142854,1.203240771244697,180.10072277733684,2.284038019905532,0.32189284137990315,0.48512561512561514,0.6333296933296934,0.4851256151256151
efficient_pullback,hybrid,20,60,15,0.3,38.689424283236555,8.811190521263935,0.8771625627120401,1.427790726671068,1.0102171802859603,8.901216043353632,10.327636608422182,138689.42428323656,33.0,48.484848484848484,2.3420104458093784,1172.4067964617143,8.901216043353632,4.390941745030692,-2.908628330652908,14.488588007691494,-0.18738219590036104,-0.26436647873150537,-0.12282995924344206,-1.7796326744797697,7.914402726740394,97091.37166934709,12.0,25.0,0.8198429149518159,-242.38569422107594,-1.7796326744797697,-0.20075305675810626,0.6654662004662004,0.25877695877695883,0.25877695877695883
efficient_pullback,hybrid,20,60,15,0.4,11.660567035551066,9.421723443715823,0.43998205587054146,0.7136644228277947,0.30963010143598624,2.91724918557954,7.1070379220081445,111660.56703555107,12.0,33.33333333333333,1.7692307395299978,971.7139196292542,2.91724918557954,1.23762569610643,-0.8726326903697627,8.298771344089461,-0.10971783208189993,-0.15053229008736982,-0.06407724686696126,-0.5317624201076843,4.0955822842590415,99127.36730963024,5.0,40.0,0.8624037342072572,-174.5265380739536,-0.5317624201076843,-0.10515203446245905,0.381003626003626,0.28547642623874364,0.28547642623874364
efficient_pullback,hybrid,20,60,20,0.2,64.46405221288158,10.62110462611805,1.125943067907171,1.7822006062617992,1.3040015179822093,13.849936555105803,12.178866213760477,164464.05221288156,35.0,45.714285714285715,2.9223193814789665,1841.8300632251876,13.849936555105803,6.069430109403112,-3.260178951590933,18.525428711134772,-0.170026259031423,-0.2463917956545807,-0.10775098018305923,-1.9961331019361594,9.314626716349641,96739.82104840907,17.0,23.52941176470588,0.8439955535474427,-191.77523244652662,-1.9961331019361594,-0.1759839948875996,0.757895622895623,0.2501565201565202,0.25015652015652023
efficient_pullback,hybrid,20,60,20,0.3,58.865086860783364,6.013845681678298,1.2935354410278093,2.2516097630512264,2.132822920357149,12.82646790937434,9.691702753861815,158865.08686078337,17.0,52.94117647058824,4.722898281580021,3462.6521682813755,12.82646790937434,9.788260287443183,-2.566124665212046,12.02144938659484,-0.21526213775818007,-0.30558017299400064,-0.13051661220728988,-1.5689988477597616,6.3976103307958905,97433.87533478795,10.0,30.0,0.775055383859436,-256.6124665212071,-1.5689988477597616,-0.21346216938479487,0.8832284382284382,0.25813904813904814,0.2581390481390481
efficient_pullback,hybrid,20,60,20,0.4,58.239237790669954,4.422277734130276,1.487085190855874,2.7818608245371763,2.8741787095421625,12.710416511119593,8.275830997123695,158239.23779066995,7.0,85.71428571428571,411.98406851263087,8319.891112952851,12.710416511119593,13.169511571195741,-0.7270494576374767,6.068255099342124,-0.08130979477254555,-0.11289918589520229,-0.07298972744842289,-0.44292028578848397,4.315199712500508,99272.95054236252,5.0,40.0,0.8779661813255658,-145.40989152749626,-0.44292028578848397,-0.11981194688342918,0.8055599366588694,0.32540231718338186,0.32540231718338186
efficient_pullback,hybrid,20,60,30,0.2,40.44985647862044,10.28762825760553,0.7834657542918221,1.2070880325730227,0.9001032934307204,9.25992807626168,12.261968203307992,140449.85647862044,20.0,45.0,3.1479243013932874,2022.4928239310223,9.25992807626168,3.9318932863574565,8.388435026101316,6.486420080589861,0.5442317448851832,0.8359942334936329,0.7742704842396357,5.022243616780009,9.901699793358794,108388.43502610132,11.0,45.45454545454545,1.9607095870904008,762.5850023728475,5.022243616780009,1.2932303060671473,0.6184537684537684,0.8507280007280006,0.6184537684537684
efficient_pullback,hybrid,20,60,30,0.3,12.631301050205307,7.296588639943746,0.4247967195340934,0.6344264292549895,0.4316771228689015,3.1497703908488273,8.065577912402807,112631.30105020531,10.0,50.0,2.9326945911046063,1263.1301050205277,3.1497703908488273,1.731124183300909,-1.1695169780391443,7.3814067025586905,-0.10507142553020685,-0.15847606970410577,-0.09660685880513994,-0.7130945150974011,5.419889617719303,98830.48302196086,4.0,75.0,0.36013139567390406,-292.37924450978323,-0.7130945150974011,-0.15844093479278726,0.48043771043771044,0.24637276761383917,0.2463727676138392
efficient_pullback,hybrid,20,60,30,0.4,-5.41567032882692,7.700836081886752,-0.3254236753486975,-0.4277764610352169,-0.18713936403989143,-1.4411295669397362,4.190361215730151,94584.32967117308,5.0,20.0,0.2609212599853431,-1083.1340657653834,-1.4411295669397362,-0.7032574477939085,0.0,0.0,,,,0.0,0.0,100000.0,0.0,,,,0.0,,0.08312030140101695,0.0,0.0
efficient_pullback,hybrid,20,100,15,0.2,45.21279508230391,15.804741227115471,0.8075214017855789,1.2437874370405915,0.6462653530983818,10.214056669770333,13.105709412771366,145212.79508230393,50.0,48.0,1.8688897214118985,904.2559016460768,10.214056669770333,2.8607108735658633,12.746776015798094,6.806615059091492,0.8426569365905155,1.332182258994523,1.1123539588910707,7.571365207628,9.157558859918165,112746.7760157981,18.0,55.55555555555556,2.0401899684137006,708.1542230998945,7.571365207628,1.8727041128574504,0.5428852628852628,0.8986568386568387,0.5428852628852628
efficient_pullback,hybrid,20,100,15,0.3,37.734463097511615,8.15132880909728,0.8731956526166561,1.405630606318451,1.067950973826968,8.705219539659259,10.147602788629316,137734.46309751162,33.0,54.54545454545454,2.505042163183003,1143.4685787124727,8.705219539659259,4.62924070188386,3.0636280465996677,9.044099428366149,0.26174766013093315,0.3933031187368316,0.20484976179494824,1.852681613550633,8.336103982345813,103063.62804659967,11.0,36.36363636363637,1.2452894450393395,278.5116405999713,1.852681613550633,0.3387432956553778,0.6781533281533282,0.6378906178906179,0.6378906178906179
efficient_pullback,hybrid,20,100,15,0.4,15.161784049088878,7.001871665013848,0.5526714525062424,0.8782104858383247,0.5354300464811346,3.7490124710533035,7.116390086436289,115161.78404908888,12.0,58.333333333333336,2.420085423241045,1263.4820040907402,3.7490124710533035,2.1653901662961843,-0.8726326903697627,8.298771344089461,-0.10971783208189993,-0.15053229008736982,-0.06407724686696126,-0.5317624201076843,4.0955822842590415,99127.36730963024,5.0,40.0,0.8624037342072572,-174.5265380739536,-0.5317624201076843,-0.10515203446245905,0.5480885780885781,0.28547642623874364,0.2854764262387436
efficient_pullback,hybrid,20,100,20,0.2,64.71060342818078,9.430215366972172,1.1170939816462861,1.7538391163501652,1.4733925674800237,13.894409231432704,12.326806726176333,164710.6034281808,35.0,51.42857142857142,3.249658827470931,1848.8743836623107,13.894409231432704,6.86204937109065,-2.0224187206648785,14.967996747554025,-0.092729984471589,-0.13550788508329933,-0.08252431675967019,-1.2352237048528614,9.02566285788673,97977.58127933512,14.0,28.57142857142857,0.8809203501034674,-144.45848004749223,-1.2352237048528614,-0.1351161918842192,0.7982698782698783,0.31905996905996903,0.3190599690599691
efficient_pullback,hybrid,20,100,20,0.3,53.72710305665237,5.95812227092174,1.2306356224440427,2.1017181933643885,1.9911519910803595,11.863527022846053,9.47376484598903,153727.10305665236,17.0,64.70588235294117,5.172106220294985,3160.417826861905,11.863527022846053,9.017455603229946,-1.103178159609073,8.23489804267734,-0.09208795957643097,-0.13356533162995896,-0.0816716067041674,-0.6725573541904617,5.618992211416756,98896.82184039093,6.0,50.0,0.82579316593258,-183.86302660151011,-0.6725573541904617,-0.13396379091663974,0.8682491582491583,0.32157921016896224,0.3215792101689623
efficient_pullback,hybrid,20,100,20,0.4,61.19420329700568,4.422277734130276,1.5394083621937844,2.890340770299661,2.997416856892561,13.255409826142728,8.309812188765072,161194.20329700568,8.0,87.5,424.9204346891273,7649.275412125714,13.255409826142728,13.837711463647063,0.730562001737475,3.668679109210282,0.15203514376282212,0.21400957728970949,0.1209676611025189,0.44379153117684034,3.262203959743912,100730.56200173747,2.0,50.0,1.2464984118539097,365.2810008687361,0.44379153117684034,0.1991348875139792,0.8774583249701969,0.296995570253117,0.29699557025311696
efficient_pullback,hybrid,20,100,30,0.2,48.395590480620214,10.287628257605485,0.8944775794614364,1.387492673554683,1.0535783393281948,10.838822295273797,12.357648447605348,148395.59048062022,21.0,52.38095238095239,3.608324615494347,2304.551927648582,10.838822295273797,4.704251482341627,14.114590350553074,6.110889768441474,0.8707672853440139,1.3725202324828767,1.3686028925863338,8.363381413365234,9.7708898258102,114114.59035055307,10.0,60.0,4.000545226274093,1411.4590350553092,8.363381413365234,2.3097438974345743,0.7209401709401709,0.9307926107926108,0.7209401709401708
efficient_pullback,hybrid,20,100,30,0.3,12.631301050205307,7.296588639943746,0.4247967195340934,0.6344264292549895,0.4316771228689015,3.1497703908488273,8.065577912402807,112631.30105020531,10.0,50.0,2.9326945911046063,1263.1301050205277,3.1497703908488273,1.731124183300909,-1.1695169780391443,7.3814067025586905,-0.10507142553020685,-0.15847606970410577,-0.09660685880513994,-0.7130945150974011,5.419889617719303,98830.48302196086,4.0,75.0,0.36013139567390406,-292.37924450978323,-0.7130945150974011,-0.15844093479278726,0.48043771043771044,0.24637276761383917,0.2463727676138392
efficient_pullback,hybrid,20,100,30,0.4,-5.41567032882692,7.700836081886752,-0.3254236753486975,-0.4277764610352169,-0.18713936403989143,-1.4411295669397362,4.190361215730151,94584.32967117308,5.0,20.0,0.2609212599853431,-1083.1340657653834,-1.4411295669397362,-0.7032574477939085,0.0,0.0,,,,0.0,0.0,100000.0,0.0,,,,0.0,,0.08312030140101695,0.0,0.0
efficient_pullback,hybrid,30,50,15,0.2,-0.272704990821745,20.99497687422701,0.047714805942757524,0.07030384680199901,-0.003389852257002049,-0.07116986974280426,10.876595344490969,99727.29500917825,51.0,29.411764705882355,0.9949410043391953,-5.3471566827784045,-0.07116986974280426,-0.01298905888086554,10.719957620418382,9.329420306690272,0.7374429097682471,1.1584000442652416,0.685016323672217,6.390805200481897,8.94104905031065,110719.95762041838,16.0,43.75,1.745140537276359,669.997351276149,6.390805200481897,1.1490486298201117,0.10168868168868168,0.8207625807625809,0.10168868168868173
efficient_pullback,hybrid,30,50,15,0.3,8.970470874168154,14.955228550543499,0.29450455721336455,0.46372277848640875,0.15145081462178783,2.264981546834832,8.961960853756405,108970.47087416815,27.0,33.33333333333333,1.284874974853958,332.2396620062275,2.264981546834832,0.5998217174582833,-0.2128614739499462,11.45349127411377,0.016718757794320756,0.02450928223718975,-0.01131050427743602,-0.12954476204743992,7.044644582486616,99787.13852605005,10.0,30.0,0.9831663824479699,-21.28614739499062,-0.12954476204743992,-0.018584854945586596,0.23091038591038596,0.45223860223860224,0.23091038591038593
efficient_pullback,hybrid,30,50,15,0.4,3.7412095293298773,10.06726737463306,0.23038816459606717,0.4544205181258833,0.09557542078167586,0.9621833154521919,4.611023483832214,103741.20952932988,6.0,16.666666666666664,1.4396029289748011,623.5349215549795,0.9621833154521919,0.37162115498757575,2.1388137795160436,5.218631693840969,0.30626000231779327,0.488120565047743,0.24828642085458355,1.295715385022067,4.538060703571686,102138.81377951604,4.0,50.0,1.5378216099770587,534.70344487901,1.295715385022067,0.4098418713932758,0.1818295965337943,0.47972347783592834,0.18182959653379432
efficient_pullback,hybrid,30,50,20,0.2,31.125415732844004,12.206095810620676,0.6980382290639374,1.0995983149978306,0.5997405700858202,7.320490859983786,10.982659292442916,131125.415732844,35.0,40.0,1.7701847278655536,889.2975923669719,7.320490859983786,2.5499894655718984,3.525779918578046,14.871345428736705,0.2794304305285913,0.42294745504168557,0.14324710917776778,2.1302772422505445,8.98207903781617,103525.77991857805,12.0,33.33333333333333,1.2237317110306942,293.81499321483807,2.1302772422505445,0.23708546987046586,0.467005957005957,0.583884793884794,0.46700595700595704
efficient_pullback,hybrid,30,50,20,0.3,51.05861256719957,4.684385876276764,1.3011197309751592,2.3910490279904733,2.423795085081759,11.35399146354603,8.54501238827664,151058.61256719957,10.0,70.0,21.322955076305604,5105.8612567199525,11.35399146354603,10.899745220772012,6.536270030456174,7.8671716400519625,0.6372980965116448,1.028749071341249,0.4991399777922588,3.9268198777034247,6.359920661233433,106536.27003045617,6.0,50.0,2.442588783386258,1089.3783384093636,3.9268198777034247,0.8308284513814169,0.9182426832426832,0.6478078330509254,0.6478078330509254
efficient_pullback,hybrid,30,50,20,0.4,42.81223909068238,4.422277734130276,1.3137795720638932,2.58874328167117,2.20160511397081,9.73610927486046,7.272108080428167,142812.2390906824,4.0,100.0,inf,10703.059772670596,9.73610927486046,9.681038067841348,1.4704888113384658,7.1978792649399,0.2124740335925385,0.34167650141772,0.12392382702586391,0.8919887449814645,4.6955167103703355,101470.48881133847,3.0,66.66666666666666,1.567283111038766,490.1629371128223,0.8919887449814645,0.20429473143583549,0.517791229411668,0.37393017505593606,0.37393017505593606
efficient_pullback,hybrid,30,50,30,0.2,46.72607133857141,7.296588639943735,0.9964873332674532,1.565436659050824,1.4407217269719839,10.512353786343898,10.59396741777726,146726.0713385714,16.0,50.0,5.076717555720152,2920.379458660713,10.512353786343898,6.403824258747266,11.136028133670363,6.591167931797703,0.7099750046284842,1.115055973892957,1.0064740528481906,6.633839501319461,9.708605783352747,111136.02813367036,10.0,60.0,2.487755498474475,1113.6028133670397,6.633839501319461,1.6895379163299629,0.7947202797202798,0.8825953225953227,0.7947202797202797
efficient_pullback,hybrid,30,50,30,0.3,-1.6652237506499659,7.783711478799571,-0.07824029409030098,-0.1160025761196357,-0.05612310571681749,-0.4368460621938741,4.3751617339097955,98334.77624935003,4.0,50.0,0.6705695944741611,-416.30593766249444,-0.4368460621938741,-0.2139369830427967,-3.3525258104889657,7.979187026157697,-0.5639749286980256,-0.7597539281012653,-0.2573013333518043,-2.0530554608937934,3.565550216632016,96647.47418951103,3.0,33.33333333333333,0.11130978012709294,-1117.5086034963222,-2.0530554608937934,-0.42015882062904136,0.11272319978476406,0.10429656281783013,0.10429656281783015
efficient_pullback,hybrid,30,50,30,0.4,0.0,0.0,,,,0.0,0.0,100000.0,0.0,,,,0.0,,0.0,0.0,,,,0.0,0.0,100000.0,0.0,,,,0.0,,0.0,0.0,0.0
efficient_pullback,hybrid,30,60,15,0.2,1.4618422044769395,20.57830231230049,0.08850017269028942,0.13257498283571278,0.01842139290526639,0.3790809922182392,10.58249727741987,101461.84220447694,48.0,33.33333333333333,1.0289911531622438,30.455045926602452,0.3790809922182392,0.07103803716612409,7.214449045904374,8.676938978325188,0.5334546204657306,0.8204887095981911,0.49888255894569894,4.328773521322549,8.641665396800585,107214.44904590437,18.0,44.44444444444444,1.4689853108258661,400.8027247724657,4.328773521322549,0.8314509372401854,0.12093369593369595,0.7782245882245882,0.12093369593369596
efficient_pullback,hybrid,30,60,15,0.3,7.999521690069305,14.466637413710737,0.2677961179261952,0.41992217174142443,0.1400900314175319,2.0266316897927794,8.99574559011789,107999.5216900693,27.0,37.03703703703704,1.2470102272955956,296.278581113678,2.0266316897927794,0.5529634469505518,-5.266418476389401,12.564561957512133,-0.46914886433657615,-0.6502048919726574,-0.25767813737116213,-3.237612922096289,6.557507239381698,94733.5815236106,11.0,27.27272727272727,0.6171925463495096,-478.765316035399,-3.237612922096289,-0.41914859381474107,0.2113131313131313,0.14482573482573483,0.14482573482573483
efficient_pullback,hybrid,30,60,15,0.4,2.2174569500030628,11.388200819746498,0.14508691311229274,0.2737950168939185,0.050354225612694134,0.5734440334001834,4.687879004491735,102217.45695000306,6.0,16.666666666666664,1.2209903144950647,369.57615833384034,0.5734440334001834,0.19471530095940331,2.1388137795160436,5.218631693840969,0.30626000231779327,0.488120565047743,0.24828642085458355,1.295715385022067,4.538060703571686,102138.81377951604,4.0,50.0,1.5378216099770587,534.70344487901,1.295715385022067,0.4098418713932758,0.1471121778308058,0.47972347783592834,0.14711217783080582
efficient_pullback,hybrid,30,60,20,0.2,37.95687618157101,10.260584428788622,0.8326797574117017,1.353452779131972,0.8528712231971332,8.75095719249841,10.768711872726705,137956.87618157102,33.0,42.42424242424242,2.113185408166002,1150.2083691385183,8.75095719249841,3.699289884021962,3.2341493847313245,11.333998150139191,0.2713802948183287,0.41564866988349974,0.1725042999271546,1.9551634162654263,8.442780804193047,103234.14938473132,12.0,33.33333333333333,1.2333622222401668,269.5124487276105,1.9551634162654263,0.28534938349990874,0.5972597772597773,0.6014095914095914,0.5972597772597772
efficient_pullback,hybrid,30,60,20,0.3,49.931100472293,4.68438587627682,1.2766866177416456,2.3394929699971168,2.377408173747715,11.136697271248863,8.556260689631024,149931.10047229298,10.0,70.0,15.381267086279923,4993.1100472293,11.136697271248863,10.659049401792355,-0.264954813456221,7.8671716400519065,-0.004923395745606686,-0.0073545560989349765,-0.02049841888104753,-0.16126457968688168,5.2191239247621,99735.04518654378,7.0,28.57142857142857,0.953761159789055,-37.8506876366032,-0.16126457968688168,-0.033678534749049006,0.8974941724941725,0.4028370704333478,0.40283707043334777
efficient_pullback,hybrid,30,60,20,0.4,42.81223909068238,4.422277734130276,1.3137795720638932,2.58874328167117,2.20160511397081,9.73610927486046,7.272108080428167,142812.2390906824,4.0,100.0,inf,10703.059772670596,9.73610927486046,9.681038067841348,-2.151093657451551,7.197879264939921,-0.32617520851648824,-0.4742767045363696,-0.18257463481151623,-1.314150178213791,3.831503388112295,97848.90634254845,3.0,33.33333333333333,0.26481021760882534,-717.0312191505227,-1.314150178213791,-0.29885103351612075,0.517791229411668,0.1427931498152539,0.14279314981525393
efficient_pullback,hybrid,30,60,30,0.2,46.72607133857141,7.296588639943735,0.9964873332674532,1.565436659050824,1.4407217269719839,10.512353786343898,10.59396741777726,146726.0713385714,16.0,50.0,5.076717555720152,2920.379458660713,10.512353786343898,6.403824258747266,12.159449738050563,5.730991278160779,0.7694270181056408,1.2134058354746349,1.2615840402600162,7.230127131396991,9.679658202382207,112159.44973805056,10.0,60.0,2.881773084554572,1215.9449738050585,7.230127131396991,2.1217009672282803,0.7947202797202798,0.9224934024934025,0.7947202797202798
efficient_pullback,hybrid,30,60,30,0.3,-1.6652237506499659,7.783711478799571,-0.07824029409030098,-0.1160025761196357,-0.05612310571681749,-0.4368460621938741,4.3751617339097955,98334.77624935003,4.0,50.0,0.6705695944741611,-416.30593766249444,-0.4368460621938741,-0.2139369830427967,-3.3525258104889657,7.979187026157697,-0.5639749286980256,-0.7597539281012653,-0.2573013333518043,-2.0530554608937934,3.565550216632016,96647.47418951103,3.0,33.33333333333333,0.11130978012709294,-1117.5086034963222,-2.0530554608937934,-0.42015882062904136,0.11272319978476406,0.10429656281783013,0.10429656281783015
efficient_pullback,hybrid,30,60,30,0.4,0.0,0.0,,,,0.0,0.0,100000.0,0.0,,,,0.0,,0.0,0.0,,,,0.0,0.0,100000.0,0.0,,,,0.0,,0.0,0.0,0.0
efficient_pullback,hybrid,30,100,15,0.2,9.841845886767302,19.410708664123845,0.2819972110367064,0.42537673024332906,0.12763854881987957,2.4775546854542307,10.704835719788097,109841.8458867673,42.0,47.61904761904761,1.2438072840969,234.32966397064968,2.4775546854542307,0.507031765664365,15.808918741324174,5.5832249341376645,1.0751482113227528,1.7408376672090666,1.6727473564726218,9.339324749170807,8.652075230542225,115808.91874132417,14.0,57.14285714285714,2.7471752631108775,1129.2084815231551,9.339324749170807,2.8315031057880673,0.20155400155400152,0.9483019383019382,0.20155400155400155
efficient_pullback,hybrid,30,100,15,0.3,8.037559748030501,14.440275352122612,0.2675394756561539,0.4099900147217908,0.14099447722983424,2.035999074327388,9.06317951507783,108037.5597480305,27.0,44.44444444444444,1.2752264249475298,297.6873980752039,2.035999074327388,0.5566070973050414,-0.014776730743673399,9.172260202718686,0.03207338813094626,0.04726661557237679,-0.0009800679238190777,-0.008989438013606854,6.704970125664267,99985.22326925633,9.0,33.33333333333333,0.9985687545635029,-1.6418589715176495,-0.008989438013606854,-0.0016110239370764395,0.22380600880600882,0.4733186353677905,0.2238060088060088
efficient_pullback,hybrid,30,100,15,0.4,6.2810261730129575,8.828309227185082,0.36006221146529027,0.6405447589999629,0.181332703653351,1.6008611808532969,4.716640070692763,106281.02617301296,6.0,66.66666666666666,2.0647455090057862,1046.83769550216,1.6008611808532969,0.7114642239390238,2.1388137795160436,5.218631693840969,0.30626000231779327,0.488120565047743,0.24828642085458355,1.295715385022067,4.538060703571686,102138.81377951604,4.0,50.0,1.5378216099770587,534.70344487901,1.295715385022067,0.4098418713932758,0.28432572845094733,0.47972347783592834,0.28432572845094733
efficient_pullback,hybrid,30,100,20,0.2,35.23302331527082,11.812061499184045,0.7648097555725469,1.2114033559306774,0.6931065575951544,8.187017283801712,11.091044267646412,135233.02331527084,33.0,48.484848484848484,2.078484264546344,1067.6673731900255,8.187017283801712,2.982800531279375,6.755530377299496,9.189429538580264,0.5006772560076871,0.7838491524160559,0.4414728700319164,4.056883832353098,8.694404928631052,106755.5303772995,10.0,50.0,1.6442661342590421,675.5530377299474,4.056883832353098,0.7351414305901738,0.5447513597513598,0.7767567567567567,0.5447513597513598
efficient_pullback,hybrid,30,100,20,0.3,48.03354531802466,4.684385876276787,1.2600429682435164,2.2586924929014636,2.29875535207409,10.76825710427154,8.395186515877375,148033.54531802464,11.0,81.81818181818183,18.831339094421097,4366.6859380022415,10.76825710427154,10.25396852152632,4.765444583045799,5.777378813656886,0.5485753860353858,0.9114328678209137,0.49719885415531617,2.8725061261714036,5.429772812048672,104765.4445830458,4.0,75.0,7.261579364117841,1191.3611457614477,2.8725061261714036,0.8248454423277523,0.8886376586376585,0.5461586466171745,0.5461586466171744
efficient_pullback,hybrid,30,100,20,0.4,42.81223909068238,4.422277734130276,1.3137795720638932,2.58874328167117,2.20160511397081,9.73610927486046,7.272108080428167,142812.2390906824,4.0,100.0,inf,10703.059772670596,9.73610927486046,9.681038067841348,0.7781257207975724,4.827160601247671,0.1531305409488622,0.2558921062241324,0.09791285696004656,0.47264108547313555,3.46936629870915,100778.12572079757,1.0,100.0,inf,778.1257207975661,0.47264108547313555,0.1611973963734397,0.517791229411668,0.19806292604192657,0.19806292604192655
efficient_pullback,hybrid,30,100,30,0.2,56.43224299886236,7.296588639943757,1.1441346421870544,1.8152722277637185,1.6957828022071624,12.373429530396773,10.69636120548163,156432.24299886235,16.0,62.5,6.823932985190102,3527.015187428897,12.373429530396773,7.734058446153179,18.084827571492468,5.149568740073873,1.1072073942425096,1.7977668346001465,2.066484832659554,10.641505696100428,9.543959383795018,118084.82757149247,9.0,77.77777777777779,8.91736867357903,2009.4252857213878,10.641505696100428,3.5119110908757447,0.8489173789173787,0.933734349111536,0.8489173789173787
efficient_pullback,hybrid,30,100,30,0.3,-1.6652237506499659,7.783711478799571,-0.07824029409030098,-0.1160025761196357,-0.05612310571681749,-0.4368460621938741,4.3751617339097955,98334.77624935003,4.0,50.0,0.6705695944741611,-416.30593766249444,-0.4368460621938741,-0.2139369830427967,-3.3525258104889657,7.979187026157697,-0.5639749286980256,-0.7597539281012653,-0.2573013333518043,-2.0530554608937934,3.565550216632016,96647.47418951103,3.0,33.33333333333333,0.11130978012709294,-1117.5086034963222,-2.0530554608937934,-0.42015882062904136,0.11272319978476406,0.10429656281783013,0.10429656281783015
efficient_pullback,hybrid,30,100,30,0.4,0.0,0.0,,,,0.0,0.0,100000.0,0.0,,,,0.0,,0.0,0.0,,,,0.0,0.0,100000.0,0.0,,,,0.0,,0.0,0.0,0.0
